id,title,empresa,local,salary_min,salary_max,description,created,area_busca,termo_busca,data_coleta,redirect_url,skills
5834765251,Cientista Dados Sr,Stefanini Group,Brasil,,,"Description Na Stefanini, acreditamos no poder da colaboração. Co-criamos soluções inovadoras em parceria com nossos clientes, combinando tecnologia de ponta, inteligência artificial e a criatividade humana. Estamos na vanguarda da resolução de problemas de negócios, proporcionando impacto real em escala global. Ao se juntar à Stefanini, você se torna parte de uma jornada global de transformação. Estamos empenhados em criar impacto positivo não apenas nos negócios, mas também na vida de nossos …",2026-08-09T12:30:14Z,dados,cientista de dados,2026-08-19,https://www.adzuna.com.br/details/5834765251?utm_medium=api&utm_source=1a779ec3,[]
5813457766,Cientista de Dados,LUZA Group,"São Paulo, Estado de São Paulo",,,"Venha fazer parte de um ecossistema vivo onde o futuro dos negócios é criado e vivido todos os dias. Faça parte desta transformação! Na LUZA Group, a paixão, a perseverança e a vontade de superar limites definem o nosso caminho para o sucesso. Fundada em 2006, somos uma multinacional portuguesa com mais de 1.200 profissionais talentosos e um volume de negócios. Com presença em mercados estratégicos como Portugal, Espanha, Marrocos, Brasil, México, Estados Unidos e China, oferecemos soluções ino…",2026-07-24T03:47:53Z,dados,cientista de dados,2026-08-19,https://www.adzuna.com.br/details/5813457766?utm_medium=api&utm_source=1a779ec3,[]
5847893994,Cientista de Dados,LUZA Group,"São Paulo, Estado de São Paulo",,,"Venha fazer parte de um ecossistema vivo onde o futuro dos negócios é criado e vivido todos os dias. Faça parte desta transformação! Na LUZA Group, a paixão, a perseverança e a vontade de superar limites definem o nosso caminho para o sucesso. Fundada em 2006, somos uma multinacional portuguesa com mais de 1.200 profissionais talentosos e um volume de negócios. Com presença em mercados estratégicos como Portugal, Espanha, Marrocos, Brasil, México, Estados Unidos e China, oferecemos soluções ino…",2026-08-19T04:04:47Z,dados,cientista de dados,2026-08-19,https://www.adzuna.com.br/details/5847893994?utm_medium=api&utm_source=1a779ec3,[]
5838549256,Pessoa Analista Cientista Dados Sr,Banco Bradesco,"Araruama, Estado do Rio de Janeiro",,,"O Grupo Bradesco Seguros é um conglomerado segurador da Organização Bradesco, que tem atuação multilinha em âmbito nacional nos segmentos de Seguros, Capitalização e Previdência Complementar Aberta, atuando com empresas que detém representatividade nos respectivos segmentos: Bradesco Seguros, Bradesco Saúde, Bradesco Auto/RE, Bradesco Vida e Previdência, Bradesco Capitalização e Mediservice. Estamos constantemente procurando por pessoas conectadas com o nosso propósito, que sejam apaixonadas po…",2026-08-12T12:39:46Z,dados,cientista de dados,2026-08-19,https://www.adzuna.com.br/details/5838549256?utm_medium=api&utm_source=1a779ec3,[]
5844655734,Cientista De Dados,Não informado,"Londrina, Paraná",,,"Cientista De Dados - O cenário ideal para expandir ideias através das ferramentas certas, contribuindo para nosso sucesso num ambiente colaborativo. Sobre o Papel:Procuramos Cientista de Dados, que queira aprender e transformar sua carreira. Principais Responsabilidades:Responsável por sustentar e criar modelos de ML, seguindo MLOPs. Capaz de tomar decisões de baixa e média complexidade, propor soluções e interagir com os demais colaboradores internos e do cliente. Competências Técnicas:Cientis…",2026-08-16T20:15:20Z,dados,cientista de dados,2026-08-19,https://www.adzuna.com.br/details/5844655734?utm_medium=api&utm_source=1a779ec3,['Machine Learning']
4319652509,Cientista de Dados,Agencia Recruiter,"São Paulo, Estado de São Paulo",,,"SOBRE A EMPRESA Somos uma companhia global de tecnologia com mais de 23 anos de atuação no Brasil, focada em inovação e líder em soluções e serviços de alto valor agregado para os setores de Transporte e Tráfego, Energia e Indústria, Administração Pública e Saúde, Serviços Financeiros, Segurança e Defesa e Telecomunicações e Mídia, entre outros. Estamos presentes em mais de 140 países, desenvolvendo projetos inovadores e fornecendo soluções tecnológicas que impactam positivamente os negócios, a…",2023-09-18T04:42:08Z,dados,cientista de dados,2026-08-19,https://www.adzuna.com.br/details/4319652509?utm_medium=api&utm_source=1a779ec3,[]
5807533103,Cientista de Dados,BRQ,Brasil,,,"Estamos em busca de um(a) Cientista de Dados Sênior com sólida experiência em Machine Learning Clássico, otimização matemática e Pesquisa Operacional para atuar no desenvolvimento de soluções analíticas que apoiem a tomada de decisão e a otimização de processos de negócio. Responsabilidades Desenvolver modelos de Machine Learning Clássico para problemas de previsão, classificação e regressão. Projetar e implementar modelos de otimização para resolução de problemas complexos de negócio. Construi…",2026-07-19T19:42:24Z,dados,cientista de dados,2026-08-19,https://www.adzuna.com.br/details/5807533103?utm_medium=api&utm_source=1a779ec3,['Machine Learning']
5847288037,Cientista de Dados,Agromai,"Porto Alegre, Rio Grande do Sul",,,"A Agromai é uma empresa inovadora no setor agrícola, dedicada a conectar produtores rurais com soluções tecnológicas sustentáveis. Estamos expandindo nossa equipe de Ciência de Dados para impulsionar análises avançadas que otimizem processos agrícolas por meio de dados geográficos e espaciais. Junte-se a nós para resolver desafios reais no agronegócio! Descrição da Vaga: Buscamos um profissional com formação em Física, Matemática ou áreas afins, ou com comprovada capacidade analítica, para inte…",2026-08-18T18:53:00Z,dados,cientista de dados,2026-08-19,https://www.adzuna.com.br/details/5847288037?utm_medium=api&utm_source=1a779ec3,[]
5693765426,Cientista de Dados,Arht Consultoria De Rh,"Estrela Dalva, Belo Horizonte",84000.0,96000.0,"Atividades: O Cientista de dados será responsável por coletar, organizar, analisar e interpretar dados brutos. Realizando a transformação e organizando estas informações em um formato compreensível e visualmente atraente que aumente a produtividade e ajude nos processos de tomada de decisão. Atuará de forma estratégica no desenvolvimento de soluções baseadas em machine learning e inteligência artificial, com foco em gerar insights e automações que impulsionem decisões do negócio. Responsabilida…",2026-04-08T18:19:18Z,dados,cientista de dados,2026-08-19,https://www.adzuna.com.br/details/5693765426?utm_medium=api&utm_source=1a779ec3,['Machine Learning']
5116776881,Cientista de Dados,XP,"São Paulo, Estado de São Paulo",,,"Sobre nós ​ A XP Inc. é uma das maiores instituições financeiras independente do Brasil, dona das marcas XP, Rico, Clear, XP Educação, InfoMoney, entre outras. Com mais de 4,6 milhões de clientes ativos e um valor superior a R$ 1,1 trilhão de ativos sob custódia, há 25 anos vem transformando o mercado financeiro para melhorar a vida das pessoas. Com uma cultura marcante guiada por quatro valores - Sonho Grande, Espírito Empreendedor, Foco no Cliente e Mente Aberta - a XP Inc. está sempre em bus…",2025-03-28T19:17:13Z,dados,cientista de dados,2026-08-19,https://www.adzuna.com.br/details/5116776881?utm_medium=api&utm_source=1a779ec3,[]
5804243243,Cientista de Dados,Não informado,"São José dos Campos, Estado de São Paulo",,,"Estamos em busca de um(a) Cientista de Dados apaixonado(a) por Inteligência Artificial para atuar no desenvolvimento de soluções inovadoras voltadas ao projeto Free Flow , contribuindo para a evolução de tecnologias que transformam a mobilidade inteligente. Você fará parte de um time multidisciplinar, participando da criação e otimização de modelos de Machine Learning, Deep Learning e IA Generativa, desenvolvimento de soluções de Visão Computacional, análise de grandes volumes de dados e evoluç…",2026-07-16T23:47:32Z,dados,cientista de dados,2026-08-19,https://www.adzuna.com.br/details/5804243243?utm_medium=api&utm_source=1a779ec3,"['Machine Learning', 'Deep Learning']"
5844540279,Cientista de Dados,VENHA SER #SANGUELARANJA,"São Paulo, Estado de São Paulo",,,"A FCamara está em busca de uma pessoa para atuar com Cientista de Dados, para atuar em um de nossos clientes do segmento Health, para atuar em uma empresa que tem o maior sistema de cooperativas de saúde do mundo com 341 cooperativas, com mais de 118 mil médicos, atendendo a 19 milhões de beneficiários, tendo uma atuação forte na categoria de Plano de Saúde. Responsabilidades e atribuições - Desenvolver e implementar modelos preditivos e prescritivos para resolver problemas de negócios. - Anali…",2026-08-16T18:56:48Z,dados,cientista de dados,2026-08-19,https://www.adzuna.com.br/details/5844540279?utm_medium=api&utm_source=1a779ec3,[]
5843650678,Cientista De Dados,Não informado,"Horizonte, Ceará",,,"Cientista De Dados - A pessoa terá autonomia para explorar nosso Data Lake e desenvolver novas funcionalidades baseadas em ciência de dados e inteligência artificial, voltadas para apoiar clientes do setor de saúde. O foco é transformar grandes volumes de dados em modelos, produtos e ferramentas que tragam valor prático, ampliando a eficiência e a qualidade das entregas. Responsabilidades e AtribuiçõesExplorar e manipular grandes volumes de dados no Data Lake da empresa. Desenvolver novas funci…",2026-08-15T20:29:01Z,dados,cientista de dados,2026-08-19,https://www.adzuna.com.br/details/5843650678?utm_medium=api&utm_source=1a779ec3,[]
5843190537,Cientista de Dados,K2 Solutions,"São Paulo, Estado de São Paulo",,,"Modelo de trabalho: Híbrido (3 dias presenciais e 2 dias remotos) (Conforme ajuste de diretriz informado) Local de trabalho: Próximo ao Metrô São Joaquim (São Paulo - SP) Jornada de trabalho: Segunda a Quinta-feira das 08h00 às 18h00 | Sexta-feira das 08h00 às 17h00 (220h/mês) Sobre a posição: Atuar na identificação de oportunidades de negócios, desenvolvimento de modelos preditivos robustos e implementação prática de soluções analíticas. O(a) profissional atuará como parceiro(a) estratégico(a)…",2026-08-15T12:38:07Z,dados,cientista de dados,2026-08-19,https://www.adzuna.com.br/details/5843190537?utm_medium=api&utm_source=1a779ec3,[]
5842003244,Cientista de Dados,Jump,Brasil,,,"Senioridade: Sênior Descrição das Principais Atividades e Reponsabilidades: Desenvolver e evoluir algoritmos de alocação/otimização para distribuição de produtos entre centros de distribuição e lojas. Manter e evoluir simuladores de estoque para testar cenários e políticas de reposição (backtest e what-if). Levar soluções prototipadas em notebooks para produção, com pipelines de dados em larga escala. Analisar e comunicar KPIs de negócio (nível de serviço, ruptura, giro, fill rate) para áreas d…",2026-08-14T12:41:21Z,dados,cientista de dados,2026-08-19,https://www.adzuna.com.br/details/5842003244?utm_medium=api&utm_source=1a779ec3,[]
5845474598,Cientista de Dados,Mundiale,"Belo Horizonte, Minas Gerais",,,"Nossa missão aqui na Mundiale é simplificar a relação entre marcas e seus consumidores, proporcionando interações mais humanas, assertivas e fluidas, por meio de tecnologia de ponta e uma metodologia própria. E para isso, buscamos muita gente fera para se juntar ao nosso time de Munders e viver, a cada dia, novos e empolgantes desafios! Estamos com uma oportunidade para Cientista de Dados Conheça abaixo esta oportunidade e vem rampar sua carreira em uma empresa que não para de crescer! Responsa…",2026-08-17T18:57:18Z,dados,cientista de dados,2026-08-19,https://www.adzuna.com.br/details/5845474598?utm_medium=api&utm_source=1a779ec3,[]
5833563794,Cientista de Dados,BRA,Brasil,,,"We help partners understand the changing advertising landscape. Specialising in audience measurement, consumer targeting and in-depth intelligence into paid, owned and earned media, their global coverage and local expertise enable better understanding of media audiences and their relationships with brands. Job Details Certifique-se de anexar seu currículo atualizado e a ciência de seu gestor no ato da candidatura! Propósito da função: Projetar, experimentar e validar abordagens de IA agentiva e…",2026-08-08T11:50:00Z,dados,cientista de dados,2026-08-19,https://www.adzuna.com.br/details/5833563794?utm_medium=api&utm_source=1a779ec3,[]
5816849993,Cientista de Dados,Banco Fibra,"São Paulo, Estado de São Paulo",,,"Description Somos um banco que tem como propósito apoiar quem faz o Brasil girar oferecendo ""Soluções financeiras feitas para você chegar lá""! Nossa cultura é a base que sustenta esse compromisso e impulsiona nosso jeito de fazer acontecer. Conheça abaixo os pilares do Jeito Fibra que nos unem e inspiram cada atitude do nosso time. Fibra para fazer acontecer: Somos movidos por atitude e entrega . Não ficamos estagnados, arregaçamos as mangas, enfrentamos os desafios juntos e colocamos a mão na …",2026-07-26T19:30:44Z,dados,cientista de dados,2026-08-19,https://www.adzuna.com.br/details/5816849993?utm_medium=api&utm_source=1a779ec3,[]
4934504421,Cientista de Dados,Vitta,Brasil,,,"Atividades: Criar e integrar modelos estatísticos para inferência e predição. Gerar análises e criar insights de oportunidade de negócio que possibilitem novas formas de atuação. Conectar unidades de negócio com a estrutura de dados. Buscar inovação e aplicá-la aos negócios. Formação: Graduação superior completa em Estatística, Matemática, Computação ou correlatas. Conhecimentos específicos: Ferramentas de modelagem estatística R, Python e SQL. Experiência com algoritmos de machine learning. Co…",2024-11-11T09:39:52Z,dados,cientista de dados,2026-08-19,https://www.adzuna.com.br/details/4934504421?utm_medium=api&utm_source=1a779ec3,"['Python', 'SQL', 'Machine Learning']"
5824633897,Cientista de Dados,Assigna,"São Paulo, Estado de São Paulo",,,"Estamos em busca de profissionais apaixonados por dados para atuar em projetos estratégicos de alta complexidade, contribuindo para a construção de soluções analíticas que apoiam a tomada de decisão e a evolução de uma das maiores operações do mercado financeiro. Se você gosta de transformar dados em insights, desenvolver modelos analíticos e trabalhar em um ambiente colaborativo, inovador e orientado por tecnologia, essa oportunidade pode ser para você. Principais responsabilidades: Desenvolve…",2026-08-01T18:33:59Z,dados,cientista de dados,2026-08-19,https://www.adzuna.com.br/details/5824633897?utm_medium=api&utm_source=1a779ec3,[]
5824633895,Cientista de Dados,Assigna,"Osasco, Estado de São Paulo",,,"Estamos em busca de profissionais apaixonados por dados para atuar em projetos estratégicos de alta complexidade, contribuindo para a construção de soluções analíticas que apoiam a tomada de decisão e a evolução de uma das maiores operações do mercado financeiro. Se você gosta de transformar dados em insights, desenvolver modelos analíticos e trabalhar em um ambiente colaborativo, inovador e orientado por tecnologia, essa oportunidade pode ser para você. Principais responsabilidades: Desenvolve…",2026-08-01T18:33:59Z,dados,cientista de dados,2026-08-19,https://www.adzuna.com.br/details/5824633895?utm_medium=api&utm_source=1a779ec3,[]
5827983303,Cientista de Dados,Cemig Saúde,"Belo Horizonte, Minas Gerais",,,"Detalhes da vaga Responsável por desenvolver soluções de Ciência de Dados e Inteligência Artificial para apoiar a tomada de decisão e a otimização dos processos da organização. Atua na construção de modelos estatísticos, preditivos e de IA, desenvolvimento de processos de ETL, estruturação e manutenção de bancos de dados, modelos de OCR, processamento e integração de dados, além da implementação e monitoramento de modelos analíticos. Realiza análises estatísticas, mineração de dados e identific…",2026-08-04T12:35:38Z,dados,cientista de dados,2026-08-19,https://www.adzuna.com.br/details/5827983303?utm_medium=api&utm_source=1a779ec3,[]
5831022620,Cientista de Dados,Grupo Portfolio,"Fortaleza, Ceará",,,"Sobre a vaga: Sobre nós: - O Grupo Portfolio atua desde 2008 na área de consultoria em gestão de projetos, processos e no desenvolvimento de soluções tecnológicas para empresas em todo o país e consolidou-se em garantir entregas de excelência para os seus clientes. Somos GPTW O que você fará: - Desenvolver e implementar estudos e análises de dados avançadas e modelos de Machine Learning; - Compreensão dos negócios e capacidade de traduzir problemas de negócios em soluções técnicas. - Tomada de …",2026-08-06T18:46:25Z,dados,cientista de dados,2026-08-19,https://www.adzuna.com.br/details/5831022620?utm_medium=api&utm_source=1a779ec3,"['Machine Learning', 'Excel']"
5832344678,Cientista de Dados,Confidencial,"São Paulo, Estado de São Paulo",,,"Graduação em Estatística, Matemática, Ciência da Computação, Engenharia, Física ou áreas correlatas. Profundo domínio de estatística, modelagem e frameworks avançados de machine learning, além de experiência em análise causal. Vivência em deploy, monitoramento, automação e ajuste de modelos em ambientes de grande escala. Domínio de Python para ciência de dados (pandas, NumPy, scikit-learn) e de frameworks de gradient boosting (XGBoost, LightGBM), além de SQL avançado em bancos relacionais (ex.:…",2026-08-07T18:36:03Z,dados,cientista de dados,2026-08-19,https://www.adzuna.com.br/details/5832344678?utm_medium=api&utm_source=1a779ec3,"['Python', 'SQL', 'Machine Learning', 'Pandas']"
5833869029,Cientista de Dados,Farmácias APP,"São Paulo, Estado de São Paulo",,,"O Farmácias APP é uma empresa de tecnologia e inovação no setor farmacêutico, criada para conectar farmácias, drogarias, lojas de suplementos e cosméticos aos seus clientes de forma rápida, prática e segura. Nossa missão é oferecer a melhor experiência de compra online, promovendo saúde, bem-estar e qualidade de vida. Pensou em farmácia? Pensou Farmácias APP. O seu aplicativo de compras online de medicamentos, saúde e beleza — tudo em um só lugar. _ VemproFármaciasAPP_ Responsabilidades e atrib…",2026-08-08T18:38:10Z,dados,cientista de dados,2026-08-19,https://www.adzuna.com.br/details/5833869029?utm_medium=api&utm_source=1a779ec3,[]
5821320220,Analista de dados financeiros,Emergent Cold LatAm,"São Paulo, Estado de São Paulo",,,"Faça parte do nosso time Se você gosta de crescimento acelerado e de trabalhar em equipe, com pessoas entusiasmadas e que buscam sempre a excelência, você vai adorar sua carreira conosco! Faz parte dos nossos valores e código de conduta da Emergent Cold oferecer igualdade de oportunidades de emprego (EEO) a todas as pessoas, independentemente de idade, cor, nacionalidade, cidadania, deficiência física ou mental, raça, religião, credo, gênero, sexo, orientação sexual, identidade e/ou expressão d…",2026-07-30T12:54:57Z,dados,analista de dados,2026-08-19,https://www.adzuna.com.br/land/ad/5821320220?se=uBDOct-b8RGBvP_3XcdHnA&utm_medium=api&utm_source=1a779ec3&v=80DA7305E7FB8949BBFE57EF2DFF30537E8E1D66,['Excel']
5822522613,Analista Dados Jr,confidencial vagas,"São Paulo, Estado de São Paulo",,,"Description Estamos em busca de um(a) Analista de Dados Júnior para integrar nossa equipe. A pessoa será responsável por apoiar a coleta, organização, análise e interpretação de dados, contribuindo para a geração de insights que apoiem a tomada de decisão e a melhoria dos processos da empresa. Buscamos um perfil analítico, organizado, proativo e com vontade de aprender, que goste de trabalhar com dados e tecnologia em um ambiente colaborativo. Responsibilities Coletar, organizar e validar dados…",2026-07-31T12:44:23Z,dados,analista de dados,2026-08-19,https://www.adzuna.com.br/details/5822522613?utm_medium=api&utm_source=1a779ec3,[]
5818049740,"Analista Dados, Operações",Amazon Servicos de Varejo do Brasil Ltda.,"Cajamar, Estado de São Paulo",,,"A equipe da Amazon Brasil está procurando um Analista de Operações Logísticas para integrar o time do Fulfillment Center (FC). Essa pessoa atuará como analista de dados da operação, sendo responsável por análises detalhadas (dive deep), criação de relatórios e dashboards que facilitem as análises necessárias para a otimização dos processos. Essa pessoa será responsável pela gestão de dados e processos do FC, garantindo o desempenho e a conformidade das operações de Inbound, Outbound e Qualidade…",2026-07-28T04:28:56Z,dados,analista de dados,2026-08-19,https://www.adzuna.com.br/details/5818049740?utm_medium=api&utm_source=1a779ec3,[]
5812917269,Analista Dados Sr,Stefanini Group,Brasil,,,"Description Estamos em busca de um(a) Analista de Dados para atuar em um projeto estratégico de migração de dados para a AWS, participando da modernização do ambiente analítico e contribuindo com a construção, manutenção e otimização de pipelines de dados. Responsibilities Atuar na migração de bases e procedimentos armazenados (Stored Procedures) do SQL Server para o ecossistema AWS. Desenvolver, manter e otimizar pipelines de dados utilizando serviços AWS. Criar e manter rotinas de ETL/ELT uti…",2026-07-23T19:40:51Z,dados,analista de dados,2026-08-19,https://www.adzuna.com.br/details/5812917269?utm_medium=api&utm_source=1a779ec3,"['SQL', 'AWS']"
5819390095,"Analista Dados, Operaes",Amazon,"Cajamar, Estado de São Paulo",,,"Description A equipe da Amazon Brasil está procurando um Analista de Operações Logísticas para integrar o time do Fulfillment Center (FC). Essa pessoa atuará como analista de dados da operação, sendo responsável por análises detalhadas (dive deep), criação de relatórios e dashboards que facilitem as análises necessárias para a otimização dos processos. Essa pessoa será responsável pela gestão de dados e processos do FC, garantindo o desempenho e a conformidade das operações de Inbound, Outbound…",2026-07-29T02:33:05Z,dados,analista de dados,2026-08-19,https://www.adzuna.com.br/details/5819390095?utm_medium=api&utm_source=1a779ec3,[]
5830977365,ANALISTA DADOS PL,Grupo Ri Happy,"São Paulo, Estado de São Paulo",,,"Vem construir momentos mágicos com a gente! ?? Somos o Grupo Ri Happy, o maior grupo varejista de brinquedos do Brasil, e acreditamos no poder do brincar para transformar momentos e criar conexões que fazem a diferença na vida das pessoas. Nossa maior força está em quem faz tudo acontecer. Por isso, cultivamos um ambiente colaborativo, leve e inspirador, guiado pelos nossos valores SUPER: Satisfação em Servir, Unidos pela Diversão, Paixão pelo Negócio, Essência da Simplicidade e Respeito pelo A…",2026-08-06T18:43:29Z,dados,analista de dados,2026-08-19,https://www.adzuna.com.br/details/5830977365?utm_medium=api&utm_source=1a779ec3,[]
5414670135,Analista Dados Senior,MAIORH,"Campinas, Estado de São Paulo",,,"Local de trabalho: Ab Inbev Campinas VAGA TERCEIRA CLT Cargo: Analista Sênior Salário: 4.869,96 Benefícios: FRETADO  VALE REFEIÇÃO 28,00 DIA  VALE ALIMENTAÇÃO 174,10 mês  PLR 351,60 DIVIDIDA EM DUAS PARCELAS PROPORCIONAIS  CONVENIO ODONTOLOGICO SINDICATO Horário de trabalho: Segunda a Quinta: 08:00 as 18:00 Sexta: 08:00 as 17:00 ( podendo trabalhar de Sábado se necessário) – presencial: n/a Cadastro Fornecedor /Cliente - Responsavel pelo cadastros corporativos dos fornecedores e clientes com qu…",2025-09-26T06:50:15Z,dados,analista de dados,2026-08-19,https://www.adzuna.com.br/details/5414670135?utm_medium=api&utm_source=1a779ec3,[]
5803665200,ANALISTA DADOS JR,Grupo Ri Happy,"São Paulo, Estado de São Paulo",,,"Vem construir momentos mágicos com a gente! ?? Somos o Grupo Ri Happy, o maior grupo varejista de brinquedos do Brasil, e acreditamos no poder do brincar para transformar momentos e criar conexões que fazem a diferença na vida das pessoas. Nossa maior força está em quem faz tudo acontecer. Por isso, cultivamos um ambiente colaborativo, leve e inspirador, guiado pelos nossos valores SUPER: Satisfação em Servir, Unidos pela Diversão, Paixão pelo Negócio, Essência da Simplicidade e Respeito pelo A…",2026-07-16T18:28:48Z,dados,analista de dados,2026-08-19,https://www.adzuna.com.br/details/5803665200?utm_medium=api&utm_source=1a779ec3,[]
5803665237,ANALISTA DADOS SR,Grupo Ri Happy,"São Paulo, Estado de São Paulo",,,"Vem construir momentos mágicos com a gente! ?? Somos o Grupo Ri Happy, o maior grupo varejista de brinquedos do Brasil, e acreditamos no poder do brincar para transformar momentos e criar conexões que fazem a diferença na vida das pessoas. Nossa maior força está em quem faz tudo acontecer. Por isso, cultivamos um ambiente colaborativo, leve e inspirador, guiado pelos nossos valores SUPER: Satisfação em Servir, Unidos pela Diversão, Paixão pelo Negócio, Essência da Simplicidade e Respeito pelo A…",2026-07-16T18:28:48Z,dados,analista de dados,2026-08-19,https://www.adzuna.com.br/details/5803665237?utm_medium=api&utm_source=1a779ec3,[]
5805406964,Analista Dados Jr,Grupo Ri Happy,"São Paulo, Estado de São Paulo",,,"Vem construir momentos mágicos com a gente!  Somos o Grupo Ri Happy, o maior grupo varejista de brinquedos do Brasil, e acreditamos no poder do brincar para transformar momentos e criar conexões que fazem a diferença na vida das pessoas. Nossa maior força está em quem faz tudo acontecer. Por isso, cultivamos um ambiente colaborativo, leve e inspirador, guiado pelos nossos valores SUPER: Satisfação em Servir, Unidos pela Diversão, Paixão pelo Negócio, Essência da Simplicidade e Respeito pelo Ama…",2026-07-17T19:06:21Z,dados,analista de dados,2026-08-19,https://www.adzuna.com.br/details/5805406964?utm_medium=api&utm_source=1a779ec3,[]
5805428931,Analista Dados Sr,Grupo Ri Happy,"São Paulo, Estado de São Paulo",,,"Vem construir momentos mágicos com a gente!  Somos o Grupo Ri Happy, o maior grupo varejista de brinquedos do Brasil, e acreditamos no poder do brincar para transformar momentos e criar conexões que fazem a diferença na vida das pessoas. Nossa maior força está em quem faz tudo acontecer. Por isso, cultivamos um ambiente colaborativo, leve e inspirador, guiado pelos nossos valores SUPER: Satisfação em Servir, Unidos pela Diversão, Paixão pelo Negócio, Essência da Simplicidade e Respeito pelo Ama…",2026-07-17T19:53:35Z,dados,analista de dados,2026-08-19,https://www.adzuna.com.br/details/5805428931?utm_medium=api&utm_source=1a779ec3,[]
5815860912,Analista Dados Sr,Inpasa Brasil,"Dourados, Mato Grosso do Sul",,,"Description Responsável por coletar, processar e analisar grandes volumes de dados empresariais, extraindo insights estratégicos para apoiar na tomada de decisões. Atua no desenvolvimento e manutenção de pipelines de dados eficientes, na criação de relatórios e dashboards interativos, e na colaboração com diferentes equipes e departamentos para entender suas necessidades e fornecer soluções personalizadas. Garante a qualidade, integridade e governança dos dados, identificando oportunidades de o…",2026-07-25T19:39:22Z,dados,analista de dados,2026-08-19,https://www.adzuna.com.br/details/5815860912?utm_medium=api&utm_source=1a779ec3,[]
5830977496,Analista Dados Jr,Manserv,"São Caetano do Sul, Estado de São Paulo",,,"Descrição das Responsabilidades: Auxiliar na elaboração de dashboards e painéis de acompanhamento de resultados; Desenvolver e atualizar relatórios operacionais e gerenciais em Excel, Power BI ou outras ferramentas de Business Intelligence; Apoiar a criação e acompanhamento de indicadores de desempenho (KPIs) para as áreas de negócio; Participar de auditorias de dados mediante a preparação de documentos e relatórios; Seguir normas e procedimentos de Qualidade, Segurança e Meio Ambiente mediante…",2026-08-06T18:43:29Z,dados,analista de dados,2026-08-19,https://www.adzuna.com.br/details/5830977496?utm_medium=api&utm_source=1a779ec3,"['Excel', 'Power BI']"
5833584311,Analista Dados Pl,Grupo Ri Happy,"São Paulo, Estado de São Paulo",,,"Vem construir momentos mágicos com a gente!  Somos o Grupo Ri Happy, o maior grupo varejista de brinquedos do Brasil, e acreditamos no poder do brincar para transformar momentos e criar conexões que fazem a diferença na vida das pessoas. Nossa maior força está em quem faz tudo acontecer. Por isso, cultivamos um ambiente colaborativo, leve e inspirador, guiado pelos nossos valores SUPER: Satisfação em Servir, Unidos pela Diversão, Paixão pelo Negócio, Essência da Simplicidade e Respeito pelo Ama…",2026-08-08T12:14:42Z,dados,analista de dados,2026-08-19,https://www.adzuna.com.br/details/5833584311?utm_medium=api&utm_source=1a779ec3,[]
5833566054,Analista Dados Jr,Manserv,"São Caetano do Sul, Estado de São Paulo",,,"Descrição das Responsabilidades: Auxiliar na elaboração de dashboards e painéis de acompanhamento de resultados; Desenvolver e atualizar relatórios operacionais e gerenciais em Excel, Power BI ou outras ferramentas de Business Intelligence; Apoiar a criação e acompanhamento de indicadores de desempenho (KPIs) para as áreas de negócio; Participar de auditorias de dados mediante a preparação de documentos e relatórios; Seguir normas e procedimentos de Qualidade, Segurança e Meio Ambiente mediante…",2026-08-08T11:56:02Z,dados,analista de dados,2026-08-19,https://www.adzuna.com.br/details/5833566054?utm_medium=api&utm_source=1a779ec3,"['Excel', 'Power BI']"
5843293718,Analista Dados Pl,Stefanini Group,Brasil,,,"Description No Grupo Stefanini, acreditamos no poder da colaboração. Co-criamos soluções inovadoras em parceria com nossos clientes, combinando tecnologia de ponta, inteligência artificial e a criatividade humana. Estamos na vanguarda da resolução de problemas de negócios, proporcionando impacto real em escala global. Ao se juntar à Stefanini, você se torna parte de uma jornada global de transformação. Estamos empenhados em criar impacto positivo não apenas nos negócios, mas também na vida de n…",2026-08-15T13:09:01Z,dados,analista de dados,2026-08-19,https://www.adzuna.com.br/details/5843293718?utm_medium=api&utm_source=1a779ec3,[]
5847280551,Analista Dados Pleno,Stix,"Barueri, Estado de São Paulo",,,"Respondendo pela área de Finanças, você será responsável por garantir a integridade e a automação dos processos de conciliação contábil e financeira da Stix, desenvolvendo soluções em Data Lake/Databricks. Atuará apoiando as áreas de Controladoria, Contabilidade e Tesouraria com análises, relatórios, dashboards e monitoramento, possibilitando o entendimento das operações, a identificação de inconsistências e a geração de insights para a tomada de decisão. Se você é uma pessoa inovadora, com pai…",2026-08-18T18:52:01Z,dados,analista de dados,2026-08-19,https://www.adzuna.com.br/details/5847280551?utm_medium=api&utm_source=1a779ec3,[]
5847298359,Analista Dados Jr,Citrosuco,"Matão, Estado de São Paulo",,,"Missão- Responsável por estruturar bases de dados e auxiliar na construção de planos amostrais e estudos das variáveis climáticas, irrigação, adubação, poda, adensamento, porta enxerto, entre outros, correlacionando-as com a produtividade do pomar e qualidade da fruta das fazendas da Citrosuco - Responsabilidade do cargo- Auxiliar na limpeza, organização e processamento dos dados, utilizando ferramentas do Power BI e linguagens como Python ou R ou SQL, para construir relatórios, gráficos, dashb…",2026-08-18T18:53:46Z,dados,analista de dados,2026-08-19,https://www.adzuna.com.br/details/5847298359?utm_medium=api&utm_source=1a779ec3,"['Python', 'SQL', 'R', 'Power BI']"
5834740657,Pessoa Analista Dados Sênior,Yduqs,"Rio de Janeiro, Estado do Rio de Janeiro",,,"Description AQUI SUA CARREIRA COMEÇA GRANDE. VENHA SER UMA PESSOA ANALISTA DADOS SÊNIOR NA YDUQS. Temos um projeto grandioso e que requer um time com disposição para pensar de forma original, disruptiva, e com objetivo de resolver as grandes questões de hoje na educação: acesso, tecnologia, customização e o sucesso dos nossos alunos. Somos uma companhia cheia de energia, que já nasceu gigante e com resultados extraordinários. Venha fazer parte desse time! VENHA TRANSFORMAR VIDAS. INCLUSIVE A SU…",2026-08-09T12:07:12Z,dados,analista de dados,2026-08-19,https://www.adzuna.com.br/details/5834740657?utm_medium=api&utm_source=1a779ec3,[]
5847308529,Analista Dados Administrativo e Assistencial,Hospital e Maternidade Nossa Senhora de Fátima,"Curitiba, Paraná",,,"ANALISTA DADOS ADMINISTRATIVO E ASSISTENCIAL Modalidade Presencial Segunda a Quinta das 08:00 às 18:00 e Sexta das 09:00 às 19:00 Requisitos: Bacharel em Estatística, Matemática, Ciências da Computação, Administração, Enfermagem ou áreas correlatas. Experiência com ferramentas de análise de dados. Familiaridade com softwares de visualização de dados como Tableau, Power BI. Conhecimentos em sistemas de gestão Atividades: Análise de Dados: Coletar, processar e analisar dados administrativos e ass…",2026-08-18T18:54:33Z,dados,analista de dados,2026-08-19,https://www.adzuna.com.br/details/5847308529?utm_medium=api&utm_source=1a779ec3,['Power BI']
5843167056,Analista Dados Agroindustrial Pl,bp bioenergy,"São José do Rio Preto, Estado de São Paulo",,,"Detalhes da vaga Descrição longa Principais Responsabilidades: Elaborar relatórios e painéis automatizados de monitoramento dos principais indicadores do negócio; Ser a maior fonte de informações sobre indicadores operacionais; Mapear indicadores operacionais e administrativos atendendo as necessidades dos clientes internos e externos na área operacional; Proporcionar dados e informações para tomadas de decisão e direcionamento do setor; Montar, avaliar e testar teorias da operação; Estruturar …",2026-08-15T12:25:10Z,dados,analista de dados,2026-08-19,https://www.adzuna.com.br/details/5843167056?utm_medium=api&utm_source=1a779ec3,[]
5847338603,Analista Dados Estatisticos Jr,BP - A Beneficência Portuguesa de São Paulo,"São Paulo, Estado de São Paulo",,,"Excelente porque somos plurais! Cada pessoa que compõe a BP tem uma história de vida, uma trajetória, uma visão de mundo. E ao somarmos essas visões, vemos os desafios que temos de outros ângulos trazendo novas respostas para as velhas perguntas, e ajudando a fazer novas perguntas. É dessa forma que a inovação está sempre presente, de uma forma prática, funcional e que melhora a vida das pessoas. E assim vamos engrandecendo o nosso jeito de ser BP. Responsabilidades e atribuições - Elaborar fic…",2026-08-18T18:57:48Z,dados,analista de dados,2026-08-19,https://www.adzuna.com.br/details/5847338603?utm_medium=api&utm_source=1a779ec3,['Excel']
5847263188,TEMPORÁRIO | Analista Dados Mestre PL,RANDSTAD PARCEIRO COCA-COLA FEMSA,"Jundiaí, Estado de São Paulo",,,"SUMÁRIO DO CARGO Responsável por garantir a confiabilidade e disponibilidade dos dados de Compras, transformando-os em insights para decisões estratégicas. Gerencia relatórios e dashboards em Power BI, assegurando a integridade das informações e identificando oportunidades de automação. PRINCIPAIS RESPONSABILIDADES - Centralizar a gestão da informação de modo a trazer confiabilidade nos dados de Compras. - Transformar os dados em insights valiosos que auxiliem a liderança na tomada de decisões …",2026-08-18T18:49:27Z,dados,analista de dados,2026-08-19,https://www.adzuna.com.br/details/5847263188?utm_medium=api&utm_source=1a779ec3,['Power BI']
5479725381,Analista Dados Laboratório - Dados De Análises,Operatorlab,"Cotia, Estado de São Paulo",44400.0,60000.0,"Objetivo do Cargo: Atuar na gestão, análise e interpretação de dados laboratoriais ambientais, garantindo a qualidade, rastreabilidade e conformidade dos resultados analíticos. Dar suporte técnico e estatístico às operações de laboratório e às áreas de meio ambiente, com foco em controle de qualidade, geração de relatórios e inteligência de dados. Responsabilidades Principais: Coletar, organizar e tratar dados laboratoriais (físico-químicos, biológicos e microbiológicos) provenientes de amostra…",2025-11-04T07:48:30Z,dados,analista de dados,2026-08-19,https://www.adzuna.com.br/details/5479725381?utm_medium=api&utm_source=1a779ec3,[]
5798309009,Analista Dados Sênior - Foco em Fraudes,Ipiranga,"São Paulo, Estado de São Paulo",,,"Description Já pensou em trabalhar na Ipiranga? Na Ipiranga acreditamos que pessoas com brilho nos olhos, autênticas e engajadas são nosso diferencial competitivo! Atuamos com paixão e propósito, colocando o cliente no centro das nossas decisões. Valorizamos a autonomia, a abertura e a transparência, pois temos certo de que a verdade e o respeito fortalecem relações e geram confiança. Proporcionamos para nosso time um ambiente flexível, de colaboração e bem-estar para plena realização pessoal e…",2026-07-12T19:55:25Z,dados,analista de dados,2026-08-19,https://www.adzuna.com.br/details/5798309009?utm_medium=api&utm_source=1a779ec3,[]
5830780915,Engenheiro de Dados Júnior,APGAR,"Porto Alegre, Rio Grande do Sul",,,"A Apgar está recrutando um(a) Engenheiro de Dados Júnior para atuar desde Porto Alegre, para atuar em um programa estratégico de Dados e Inteligência Artificial, apoiando a construção e evolução da Plataforma de Dados por meio do desenvolvimento de pipelines, integração de dados e disponibilização de informações para consumo analítico e operacional. A pessoa profissional será responsável por apoiar a implementação de soluções de Engenharia de Dados, garantindo qualidade, organização e disponibi…",2026-08-06T13:24:02Z,dados,engenheiro de dados,2026-08-19,https://www.adzuna.com.br/land/ad/5830780915?se=rOBPc9-b8RGvGrvTGRxIcA&utm_medium=api&utm_source=1a779ec3&v=3A13CA520FBBB924C56BA7B85DD5D8723BED2DFE,[]
5844294138,Engenheiro Dados Especialista,Stefanini Group,Brasil,,,"Description No Grupo Stefanini, acreditamos no poder da colaboração. Co-criamos soluções inovadoras em parceria com nossos clientes, combinando tecnologia de ponta, inteligência artificial e a criatividade humana. Estamos na vanguarda da resolução de problemas de negócios, proporcionando impacto real em escala global. Ao se juntar à Stefanini, você se torna parte de uma jornada global de transformação. Estamos empenhados em criar impacto positivo não apenas nos negócios, mas também na vida de n…",2026-08-16T12:15:21Z,dados,engenheiro de dados,2026-08-19,https://www.adzuna.com.br/details/5844294138?utm_medium=api&utm_source=1a779ec3,[]
5833571632,Pessoa Engenheira dados / BI - Sênior,BIP Brasil,Brasil,,,"Description Como Pessoa Engenheira de Dados / BI aqui na Bip, você atuará em projetos estratégicos, desenvolvendo e evoluindo soluções de dados e inteligência de negócios que apoiam a tomada de decisão e impulsionam a transformação digital dos nossos clientes. Você fará parte de um ambiente colaborativo, trabalhando com equipes multidisciplinares e profissionais que geram impactos e transformações positivas por meio da tecnologia e dos dados. Se você possui perfil analítico, facilidade para res…",2026-08-08T12:03:21Z,dados,engenheiro de dados,2026-08-19,https://www.adzuna.com.br/details/5833571632?utm_medium=api&utm_source=1a779ec3,['Git']
5833598275,Pessoa Engenheira dados / BI - Pleno,BIP Brasil,Brasil,,,"Description Como Engenheiro(a) de Dados / BI aqui na Bip, você atuará em projetos estratégicos, desenvolvendo e evoluindo soluções de dados e inteligência de negócios que apoiam a tomada de decisão e impulsionam a transformação digital dos nossos clientes. Você fará parte de um ambiente colaborativo, trabalhando com equipes multidisciplinares e profissionais que geram impactos e transformações positivas por meio da tecnologia e dos dados. Se você possui perfil analítico, facilidade para resolve…",2026-08-08T12:26:00Z,dados,engenheiro de dados,2026-08-19,https://www.adzuna.com.br/details/5833598275?utm_medium=api&utm_source=1a779ec3,['Git']
5787401046,Engenheiro de Dados,Não informado,"São Paulo, Estado de São Paulo",,,"Engenheiro de Dados Nível Sênior 100 Remoto Sólida experiência com ADF (Azure Data Factory), Experiência com pipelines de dados, DBT e Snowflake, Imprescindível inglês avançado, para atuação em projeto global, Atuação 100 remota.",2026-07-03T21:39:23Z,dados,engenheiro de dados,2026-08-19,https://www.adzuna.com.br/details/5787401046?utm_medium=api&utm_source=1a779ec3,['Azure']
5842048151,Engenheiro de Dados,vocedm,"São José dos Campos, Estado de São Paulo",,,"A missão  O Engenheiro de Dados é o responsável pela criação do pipeline que transforma os dados brutos, que estão nos mais variados formatos, desde bancos de dados transacionais até arquivos de texto, em um formato que permita que os dados possam ser consultados e analisados. Também é tarefa do Engenheiro de Dados, manter este pipeline em execução, para que os dados possam ser coletados no momento certo, com o nível de segurança exigido pela empresa. O seu desafio será  Desenvolver e sustentar…",2026-08-14T13:16:32Z,dados,engenheiro de dados,2026-08-19,https://www.adzuna.com.br/details/5842048151?utm_medium=api&utm_source=1a779ec3,[]
5702835437,Engenheiro De Dados,Grupo Mooven,Brasil,,,Responsabilidades: Engenheiro de dados para atuar em frente de DataOps. Deverá atuar na melhoria continua da plataforma e propor novas features e otimizações de nossa plataforma de dados. Requisitos Python DBT Google Bigquery Google Dataflow Google Kubernetes Engine (GKE) Google Composer (Airflow) Desejável Java,2026-04-17T17:27:11Z,dados,engenheiro de dados,2026-08-19,https://www.adzuna.com.br/details/5702835437?utm_medium=api&utm_source=1a779ec3,"['Python', 'Kubernetes']"
5718923240,Engenheiro de Dados,Não informado,"São Paulo, Estado de São Paulo",,,"Engenheiro de Dados Nível Sênior - 100 Remoto Sólida experiência com pipelines e governança utilizando Databricks, Azure Data Factory e Unity Catalog, Experiência com ETL/ELT utilizando PySpark e SQL, Experiência com implementação de CI/CD utilizando Azure DevOps, Imprescindível inglês avançado, Atuação 100 remota.",2026-05-04T21:15:19Z,dados,engenheiro de dados,2026-08-19,https://www.adzuna.com.br/details/5718923240?utm_medium=api&utm_source=1a779ec3,"['SQL', 'Azure']"
5816833569,Engenheiro de Dados,Thera Consulting,"São Paulo, Estado de São Paulo",,,"Engenheiro de Dados Disponibilidade imediata Contratação PJ Atuação hibrida - São Paulo Período estimado de 03 a 06 meses (podendo ser prorrogado) Definição e implementação da arquitetura de dados dos domínios, estruturação de pipelines, modelagem de dados, governança, qualidade da informação e disponibilização de ativos analíticos para consumo pelos times de negócio e tecnologia.",2026-07-26T18:57:41Z,dados,engenheiro de dados,2026-08-19,https://www.adzuna.com.br/details/5816833569?utm_medium=api&utm_source=1a779ec3,[]
5778388522,Engenheiros de Dados,Não informado,"São Paulo, Estado de São Paulo",,,"Engenheiros de Dados Nível Sênior (3 vagas) - 90 Remoto Sólida experiência com desenvolvimento e sustentação (troubleshooting) ao Oracle Data Integrator (ODI), Experiência com ETL, integração de dados, SQL e PL/SQL, Experiência com Data Lake e ferramentas de BI, Imprescindível certificação Oracle, Imprescindível inglês avançado, para atuação em projeto global, Disponibilidade para eventuais reuniões presenciais.",2026-06-26T21:36:55Z,dados,engenheiro de dados,2026-08-19,https://www.adzuna.com.br/details/5778388522?utm_medium=api&utm_source=1a779ec3,['SQL']
5845501455,Engenheiro de Dados,Decision group,"São Paulo, Estado de São Paulo",,,Nível Acadêmico: Ensino Superior Completo Turno/Horas  Áreas de Atuação Profissional: TI - Projetos Descrição: Engenheiro de Dados Desenvolvimento da plataforma de monitoramento inteligente do agronegócio M.IA Habilidades: Remoto Senior Jul/26 - Nov/27 Formação Acadêmica: Não informado Salário: A combinar Cargo: Engenheiro civil Empresa: Decision group Atua com consultoria de mão de obra de serviços de tecnologia. Ramo: Recursos Humanos/ Recrutamento e seleção (CI),2026-08-17T19:00:02Z,dados,engenheiro de dados,2026-08-19,https://www.adzuna.com.br/details/5845501455?utm_medium=api&utm_source=1a779ec3,[]
5845447466,Engenheiro de dados,Innolevels,"São Paulo, Estado de São Paulo",108000.0,108000.0,"Estamos contratando Engenheiro de Dados para a execução de projetos de transformação digital, desenvolvendo ferramentas inovadoras para entregar a melhor experiência para os usuários da plataforma de uma grande empresa de telecomunicação. Entendemos que para essa evolução, é necessário o conhecimento em: ETL ; Power Center e/ou IICS ; Conhecimento em modelagem de dados ; Banco de dados Oracle ; Conhecimentos básicos em Unix/Linux . Híbrido - São Paulo, SP Tem interesse? Candidate-se a nossa vag…",2026-08-17T18:52:03Z,dados,engenheiro de dados,2026-08-19,https://www.adzuna.com.br/details/5845447466?utm_medium=api&utm_source=1a779ec3,['Git']
5404982677,Engenheiro de Dados,Jobhome Contact Center,"São Paulo, Estado de São Paulo",,," VAGA ABERTA | Engenheiro(a) / Analista de Dados – JobHome A JobHome está em busca de um(a) Engenheiro(a) ou Analista de Dados para atuar em projetos desafiadores , com foco em automações, integração de sistemas e manipulação de dados em larga escala . Se você tem perfil analítico, técnico e gosta de desenvolver soluções inteligentes com dados , essa pode ser uma excelente oportunidade!   Local: Vila Prudente – Zona Leste de São Paulo  Formato: Presencial (com possibilidade de híbrido após perí…",2025-09-18T15:09:38Z,dados,engenheiro de dados,2026-08-19,https://www.adzuna.com.br/details/5404982677?utm_medium=api&utm_source=1a779ec3,['Excel']
5819923675,Engenheiro de Dados,Spin Price Outsourcing,"São Bernardo do Campo, Estado de São Paulo",,,"Se você é apaixonado(a) por dados, gosta de construir soluções escaláveis e quer atuar em projetos estratégicos que geram impacto para o negócio, essa oportunidade é para você! Estamos em busca de um(a) Engenheiro(a) de Dados para integrar nosso time e atuar no desenvolvimento, manutenção e evolução da nossa arquitetura de dados, contribuindo para a construção de ambientes robustos, seguros e de alta performance. Requisitos Experiência como Engenheiro de Dados. Experiência em projetos de Data L…",2026-07-29T12:33:41Z,dados,engenheiro de dados,2026-08-19,https://www.adzuna.com.br/details/5819923675?utm_medium=api&utm_source=1a779ec3,[]
5817630145,Engenheiro de Dados,SPIN PRICE OUTSOURCING LTDA,"São Bernardo do Campo, Estado de São Paulo",,,"Se você é apaixonado(a) por dados, gosta de construir soluções escaláveis e quer atuar em projetos estratégicos que geram impacto para o negócio, essa oportunidade é para você! Estamos em busca de um(a) Engenheiro(a) de Dados para integrar nosso time e atuar no desenvolvimento, manutenção e evolução da nossa arquitetura de dados, contribuindo para a construção de ambientes robustos, seguros e de alta performance. Requisitos Experiência como Engenheiro de Dados. Experiência em projetos de Data L…",2026-07-27T18:33:23Z,dados,engenheiro de dados,2026-08-19,https://www.adzuna.com.br/details/5817630145?utm_medium=api&utm_source=1a779ec3,[]
5744885562,Engenheiro De Dados,UP BET BRasil,"São Paulo, Estado de São Paulo",180000.0,216000.0,"Buscamos um(a) Engenheiro de Dados com perfil dinâmico, colaborativo e altamente orientado a resultados. Entre as principais competências comportamentais, destacam-se: Comunicação clara e objetiva: traduzir temas técnicos em linguagem acessível, garantindo alinhamento com diferentes áreas da empresa. Resiliência e adaptabilidade: lidar com cenários de alta pressão e mudanças rápidas, mantendo assertividade nas entregas. Responsabilidade e comprometimento com prazos: assegurar disciplina e rigor…",2026-05-29T17:59:07Z,dados,engenheiro de dados,2026-08-19,https://www.adzuna.com.br/details/5744885562?utm_medium=api&utm_source=1a779ec3,[]
5815861788,Engenheiro de Dados,Datainfo,Brasil,,,"Responsabilidades e atribuições Atividades Básicas * Projetar e implementar Pipeline de Dados que coletam, armazenam e organizam dados brutos de várias fontes; * Manter os pipelines de dados para que executem seguindo programações, prazos e qualidade dos dados; * Identificar gargalos, otimizar o desempenho e garantir que os dados estejam disponíveis quando necessário, capturados de maneira eficiente e segura; * Integrar diversas fontes de dados em camada analítica disponível para consumo; * Tra…",2026-07-25T19:42:30Z,dados,engenheiro de dados,2026-08-19,https://www.adzuna.com.br/details/5815861788?utm_medium=api&utm_source=1a779ec3,[]
5838583254,Engenheiro de Dados,Brain Inovação,"Uberlândia, Minas Gerais",,,"Description DESCRIÇÃO DA VAGA Estamos em busca de um(a) Engenheiro de Dados / Desenvolvedor de Dados Sênior responsável por estruturar e otimizar as plataformas de dados para suportar decisões estratégicas na Algar, contribuindo com expertise técnico e visão de negócio. Essa pessoa será responsável por projetar, construir e manter infraestrutura de dados robusta e escalável, garantindo qualidade, disponibilidade e integridade dos dados, facilitando a entrega de insights para as áreas de negócio…",2026-08-12T12:43:50Z,dados,engenheiro de dados,2026-08-19,https://www.adzuna.com.br/details/5838583254?utm_medium=api&utm_source=1a779ec3,[]
5843650412,Engenheiros De Dados,Não informado,"São Paulo, Estado de São Paulo",,,"Engenheiros De Dados - Nossos clientes são alguns dos principais líderes mundiais em diferentes indústrias e o candidato fará parte de projetos desafiadores para construir e apoiar soluções técnicas para suas necessidades. Duties and Responsibilities: - Liderar a implantação de Data Lakes e Lakehouses, atuando tanto no desenho da arquitetura quanto no desenvolvimento hands-on da solução. - Projetar, desenvolver e manter pipelines de dados eficientes e escaláveis para garantir a fluidez entre si…",2026-08-15T20:29:00Z,dados,engenheiro de dados,2026-08-19,https://www.adzuna.com.br/details/5843650412?utm_medium=api&utm_source=1a779ec3,[]
5816843401,Engenheiro de dados,NetSource,Brasil,,,"Engenheiro(a) de Software III - Brasil Visão Geral da Posição Estamos buscando um(a) Engenheiro(a) de Dados / Engenheiro(a) de Software para atuar em regime de contrato, apoiando nossa equipe de Dados e Analytics na construção e manutenção de pipelines de dados escaláveis e soluções de data warehouse. O(a) candidato(a) ideal possui experiência prática com ferramentas modernas do ecossistema de dados e histórico comprovado na entrega de fluxos ETL/ELT confiáveis em ambientes de produção. Respons…",2026-07-26T19:06:46Z,dados,engenheiro de dados,2026-08-19,https://www.adzuna.com.br/details/5816843401?utm_medium=api&utm_source=1a779ec3,[]
5801863515,Engenheiro de Dados,Bossa Invest,"São Paulo, Estado de São Paulo",,,"Sobre a vaga A vaga de Engenheiro(a) de Dados é uma oportunidade única para profissionais experientes em desenvolver e manter pipelines de dados eficientes e escaláveis, utilizando serviços como S3, RDS, Lambda, pyton, SQL, etc.  As responsabilidades incluem traduzir regras de negócio em processos de tratamento de dados, projetar e construir pipelines ETL/ELT, e gerenciar bases de dados estruturadas e não estruturadas.  Além disso, o(a) Engenheiro(a) de Dados será responsável por apoiar times c…",2026-07-15T19:48:56Z,dados,engenheiro de dados,2026-08-19,https://www.adzuna.com.br/details/5801863515?utm_medium=api&utm_source=1a779ec3,['SQL']
5815660763,Engenheiro de dados,NetSource,Brasil,,,"Engenheiro(a) de Software III - Brasil Visão Geral da Posição Estamos buscando um(a) Engenheiro(a) de Dados / Engenheiro(a) de Software para atuar em regime de contrato, apoiando nossa equipe de Dados e Analytics na construção e manutenção de pipelines de dados escaláveis e soluções de data warehouse. O(a) candidato(a) ideal possui experiência prática com ferramentas modernas do ecossistema de dados e histórico comprovado na entrega de fluxos ETL/ELT confiáveis em ambientes de produção. Respons…",2026-07-25T18:32:23Z,dados,engenheiro de dados,2026-08-19,https://www.adzuna.com.br/details/5815660763?utm_medium=api&utm_source=1a779ec3,[]
3277658804,Engenheiro de Dados,Innolevels,"São Paulo, Estado de São Paulo",,,"Estamos contratando Engenheiro de Dados para a execução de projetos de transformação digital, desenvolvendo ferramentas inovadoras para entregar a melhor experiência para os usuários da plataforma de uma grande empresa. Entendemos que para essa evolução, é necessário o conhecimento em: · Programação distribuída (Apache Spark, Apache Bean, Flink); · Orquestração de JOBs/ETL (Apache Airflow, Luigi, Askaban); · Programação (Ruby, Java, Python, Scala etc.); · Arquitetura lambda; · SQL; · Modelagem …",2022-06-30T21:46:24Z,dados,engenheiro de dados,2026-08-19,https://www.adzuna.com.br/details/3277658804?utm_medium=api&utm_source=1a779ec3,"['Python', 'SQL', 'Git']"
5833652506,Engenheiro de Dados,Grupo Regazzo,"Porto Alegre, Rio Grande do Sul",,,"Estamos recrutando um(a) Engenheiro de Dados para em um programa estratégico de Dados e Inteligência Artificial, apoiando a construção e evolução da Plataforma de Dados por meio do desenvolvimento de pipelines, integração de dados e disponibilização de informações para consumo analítico e operacional. O profissional atuará em conjunto com Arquitetura de Dados, DevOps/DataOps, Inteligência Artificial e Governança de Dados, contribuindo para construção de uma plataforma moderna e escalável. Respo…",2026-08-08T12:36:56Z,dados,engenheiro de dados,2026-08-19,https://www.adzuna.com.br/details/5833652506?utm_medium=api&utm_source=1a779ec3,[]
5814561506,Engenheiro de Dados,Grupo H&W Publishing,"Santana de Parnaíba, Estado de São Paulo",,,"Função: Engenheiro(a) de Dados Sênior Modelo de Trabalho: 100% home office Regime de Contratação: Prestador de Serviço (PJ) Pagamento: USD 2,500.00 Sobre a empresa A H&W Publishing é uma holding sediada nos Estados Unidos, especializada em marketing de resposta direta e afiliados, com forte atuação no mercado de nutracêuticos. Fundada por profissionais renomados do marketing digital, a H&W se consolidou rapidamente como referência global no setor. Em seu primeiro ano, alcançou a liderança na Am…",2026-07-24T20:03:03Z,dados,engenheiro de dados,2026-08-19,https://www.adzuna.com.br/details/5814561506?utm_medium=api&utm_source=1a779ec3,['Git']
5844240881,Desenvolvedor Especialista Data Cloud,AI/R WEBJUMP,"São Paulo, Estado de São Paulo",,,"Sobre a AI/R RUN A AI/R RUN é a frente de Growth Marketing, Data Intelligence, CRM Strategy e Design do grupo AI/R — Agentic AI Software Engineering. Reunimos mais de 500 especialistas certificados nas principais plataformas do mercado (Salesforce, Adobe, AWS, Google Cloud, Microsoft), atuamos hoje em mais de 140 projetos ativos e já entregamos mais de 1.000 projetos de transformação digital para clientes de todos os portes e setores. Somos parceiro Summit da Salesforce, Top 5 Global AgentForce…",2026-08-16T10:46:12Z,tech,desenvolvedor,2026-08-19,https://www.adzuna.com.br/land/ad/5844240881?se=oEHhc9-b8RGvGrvTGRxIcA&utm_medium=api&utm_source=1a779ec3&v=DB9705930A7CE04BFF9656B370602424C74AB860,"['Git', 'AWS']"
5848025151,Desenvolvedor de .NET Sênior (Solution Specialist),"Genesis Consulting Partners, LLC","São Paulo, Estado de São Paulo",,,"Desenvolvedor .NET Sênior Job Description A Genesis Consulting tem oportunidade imediata para Desenvolvedores .NET experientes com verdadeira paixão por crescimento profissional e entrega de valor através da tecnologia. Nossos clientes são alguns dos principais líderes mundiais em diferentes indústrias e o candidato fará parte de projetos desafiadores para construir e apoiar soluções técnicas para suas necessidades. Perfil técnico: Padrões de Projeto, Herança e Encapsulamento, ex: Strategy, Com…",2026-08-19T06:51:45Z,tech,desenvolvedor,2026-08-19,https://www.adzuna.com.br/land/ad/5848025151?se=oEHhc9-b8RGvGrvTGRxIcA&utm_medium=api&utm_source=1a779ec3&v=138CD585F3CC6480CFAE8C32EE02054D49109D5E,[]
5847260078,Desenvolvedor/desenvolvedora Salesforce,Capgemini,"Barueri, Estado de São Paulo",,,"Você é apaixonado(a) por tecnologia, inovação e quer fazer parte de um ambiente inclusivo, colaborativo e em constante evolução? Então essa oportunidade é para você! Na Capgemini, valorizamos o equilíbrio entre vida pessoal e profissional. Por isso, oferecemos modelos de trabalho flexível, híbrido, de acordo com as necessidades do projeto. Nosso objetivo é proporcionar a melhor experiência para você, respeitando seu estilo de vida e promovendo bem-estar. Estamos em busca de um(a) Desenvolvedor/…",2026-08-18T18:49:15Z,tech,desenvolvedor,2026-08-19,https://www.adzuna.com.br/details/5847260078?utm_medium=api&utm_source=1a779ec3,[]
5836014258,Desenvolvedor/desenvolvedora Pegasystems,Capgemini,"Rio de Janeiro, Estado do Rio de Janeiro",,,"Nossa Oportunidade Estamos à procura de Desenvolvedor/Desenvolvedora PegaSystemspara integrar a nossa equipe. Se você é uma pessoa talentosa e apaixonada por tecnologia que procura uma função híbrida dinâmica, então somos o lugar para você. - Nossa oportunidade é Híbrida com jornada de trabalho flexível (40 horas semanais) e o modelo de contratação é CLT. Atividades: . - Aprimorar a arquitetura das soluções, garantindo a escalabilidade e eficiência do sistema; - Liderança de time; - Criar e cus…",2026-08-10T18:37:53Z,tech,desenvolvedor,2026-08-19,https://www.adzuna.com.br/details/5836014258?utm_medium=api&utm_source=1a779ec3,[]
5836014276,Desenvolvedor/desenvolvedora Pega,Capgemini,"São Paulo, Estado de São Paulo",,,"Nossa Oportunidade Estamos à procura de Desenvolvedor/Desenvolvedora PegaSystemspara integrar a nossa equipe. Se você é uma pessoa talentosa e apaixonada por tecnologia que procura uma função híbrida dinâmica, então somos o lugar para você. - Nossa oportunidade é Híbrida com jornada de trabalho flexível (40 horas semanais) e o modelo de contratação é CLT. Atividades: . - Aprimorar a arquitetura das soluções, garantindo a escalabilidade e eficiência do sistema; - Liderança de time; - Criar e cus…",2026-08-10T18:37:53Z,tech,desenvolvedor,2026-08-19,https://www.adzuna.com.br/details/5836014276?utm_medium=api&utm_source=1a779ec3,[]
5763835060,Desenvolvedor,Redutores Ibr,Brasil,,,"Desenvolvedor Quer se candidatar a esta vaga? Descrição da Vaga O Desenvolvedor será responsável pelo desenvolvimento, customização e manutenção de aplicações e sistemas internos, traduzindo requisitos de negócio em soluções técnicas eficientes e bem estruturadas. Atuará na implementação de novas funcionalidades, correção de inconsistências, integração entre sistemas e evolução contínua das aplicações, assegurando desempenho, estabilidade e qualidade. Trabalhará em colaboração com a equipe técn…",2026-06-14T18:19:30Z,tech,desenvolvedor,2026-08-19,https://www.adzuna.com.br/details/5763835060?utm_medium=api&utm_source=1a779ec3,[]
5824161168,Desenvolvedor,Eteg Tecnologia Da Informação S/a,Brasil,,,"Desenvolvedor(a) Full Stack Pleno | React  Node Estamos em busca de uma pessoa Desenvolvedora Pleno que goste de construir soluções de ponta a ponta, tenha autonomia para botar a mão na massa e queira evoluir tecnicamente atuando em uma squad colaborativa . Aqui você não será apenas alguém que gera linhas de código: buscamos uma pessoa que participe ativamente das discussões, questione, proponha melhorias e trabalhe em equipe no desenvolvimento de sistemas, integrações com bots e aplicativos cu…",2026-08-01T12:30:32Z,tech,desenvolvedor,2026-08-19,https://www.adzuna.com.br/details/5824161168?utm_medium=api&utm_source=1a779ec3,[]
5847296703,Desenvolvedor,Vaganet,"Brasilia, Distrito Federal",,,"Responsabilidades: Desenvolvedor com Experiência mínima de 5 anos em desenvolvimento, preferencialmente em plataforma cloud; Facilidade de comunicação verbal e escrita; Aptidão para trabalho em equipe; Kubernetes, Angular, Typescript, Javascript, NodeJS e Git; Banco de Dados (Oracle, MongoDB, DB2); Metodologias ágeis, como Scrum e Kanban Conhecimentos desejáveis: Java, Filas Rabbit / IBMMQ; Grafana, Prometheus e PromQL ;",2026-08-18T18:53:42Z,tech,desenvolvedor,2026-08-19,https://www.adzuna.com.br/details/5847296703?utm_medium=api&utm_source=1a779ec3,"['Git', 'Kubernetes']"
4931984186,Desenvolvedor,Não informado,"Rio de Janeiro, Estado do Rio de Janeiro",,,"Local: Rio de Janeiro – RJ Vaga: Desenvolvedor Atividades: Trabalhar em projetos de implantao / reimplantao / integrao de sistemas de informao na nuvem/Internet, com foco especial para educao, tais como: sistemas ligados entrega de ensino a distncia (LMS, Portal, Sistemas de Avaliao de Aprendizado etc.) sistemas para apoio em processos internos (workflow, avaliao de cursos etc.) sistemas ligados oferta de ensino a distncia (Site e suas integraes com CRM, Site e CMS etc.) Administrar/manter sist…",2024-11-08T21:08:36Z,tech,desenvolvedor,2026-08-19,https://www.adzuna.com.br/details/4931984186?utm_medium=api&utm_source=1a779ec3,[]
4931985353,Desenvolvedor,Não informado,"Rio de Janeiro, Estado do Rio de Janeiro",,,"Local: Rio de Janeiro – RJ Vaga: Desenvolvedor Atividades: Trabalhar em projetos de implantao / reimplantao / integrao de sistemas de informao na nuvem/Internet, com foco especial para educao, tais como: sistemas ligados entrega de ensino a distncia (LMS, Portal, Sistemas de Avaliao de Aprendizado etc.) sistemas para apoio em processos internos (workflow, avaliao de cursos etc.) sistemas ligados oferta de ensino a distncia (Site e suas integraes com CRM, Site e CMS etc.) Administrar/manter sist…",2024-11-08T21:08:38Z,tech,desenvolvedor,2026-08-19,https://www.adzuna.com.br/details/4931985353?utm_medium=api&utm_source=1a779ec3,[]
5847348823,Desenvolvedor,Qualifica RH IT,"Goiânia, Goiás",,,Descrição da oferta: Consultoria de recrutamento e seleção admite Desenvolvedor em Goiânia (Setor Central). Principais Responsabilidades: Desenvolver e manter aplicações em PHP. Colaborar com equipes de design e desenvolvimento para implementar soluções inovadoras. Garantir a qualidade do código e realizar testes de funcionalidade. Participar ativamente de reuniões e contribuir com ideias. Benefícios oferecidos: - Refeição no Local - Vale Alimentação - Vale Refeição - Vale Transporte - Assistên…,2026-08-18T18:58:54Z,tech,desenvolvedor,2026-08-19,https://www.adzuna.com.br/details/5847348823?utm_medium=api&utm_source=1a779ec3,[]
5847316479,Desenvolvedor,Digisystem,"Brasilia, Distrito Federal",,,"Responsabilidades: - Desenvolvedor com Experiência mínima de 5 anos em desenvolvimento, preferencialmente em plataforma cloud; - Facilidade de comunicação verbal e escrita; - Aptidão para trabalho em equipe; - Kubernetes, Angular, Typescript, Javascript, NodeJS e Git; - Banco de Dados (Oracle, MongoDB, DB2); - Metodologias ágeis, como Scrum e Kanban Conhecimentos desejáveis: - Java, Filas Rabbit / IBMMQ; - Grafana, Prometheus e PromQL Regime de Contratação: CLT Conhecimentos e Habilidades neces…",2026-08-18T18:55:00Z,tech,desenvolvedor,2026-08-19,https://www.adzuna.com.br/details/5847316479?utm_medium=api&utm_source=1a779ec3,"['Git', 'Kubernetes']"
5847287096,Desenvolvedor,innolevels - Leveraging your Business,"São Paulo, Estado de São Paulo",,,"Estamos contratando Desenvolvedor Mainframe! Híbrido - São Paulo/SP Buscamos profissionais experientes em desenvolvimento e manutenção de sistemas legados para atuar em projetos estratégicos no setor bancário. Você fará parte de um time altamente técnico, responsável por garantir a estabilidade, performance e evolução contínua de aplicações críticas em ambiente Mainframe. Entendemos que, para essa evolução, é necessário: - Experiência sólida com COBOL, JCL, DB2, VSAM, CICS e TSO; - Atuação em a…",2026-08-18T18:52:53Z,tech,desenvolvedor,2026-08-19,https://www.adzuna.com.br/details/5847287096?utm_medium=api&utm_source=1a779ec3,[]
5815234109,Desenvolvedor,Captar Agro,Brasil,,,"?? VAGA | DESENVOLVEDOR(A) DE SISTEMAS ERP | SAP BUSINESS ONE Estamos em busca de um(a) Desenvolvedor(a) de Sistemas para atuar no desenvolvimento, customização e integração de soluções corporativas, contribuindo diretamente para a evolução tecnológica e digitalização dos processos da empresa.Principais responsabilidades Desenvolver, customizar e implantar soluções para SAP Business One (SAP B1); Criar integrações entre ERP, balanças, sistemas de rastreabilidade, confinamento e demais sistemas …",2026-07-25T07:24:56Z,tech,desenvolvedor,2026-08-19,https://www.adzuna.com.br/details/5815234109?utm_medium=api&utm_source=1a779ec3,['Git']
5843651184,Desenvolvedor,Não informado,"São Paulo, Estado de São Paulo",,,"Desenvolvedor - ?? Requisitos: ? Graduação completa em TI ou áreas correlatas; ? Experiência sólida em desenvolvimento de sistemas, e em metodologias ágeis; ? Experiência com linguagens e frameworks: VueJS, PHP (v. 4, 5, 7 e 8), Java, Javascript, Python e WordPress; ? Vivência com Docker,Kubernetes, Git, GitLab, Elasticsearch, Kibana, Logstash, Power BI; ? Experiência com bancos de dados: SQL Server, MySQL e PostgreSQL; ? Desenvolvimento mobile com Flutter será um diferencial. ?? Atividades:Des…",2026-08-15T20:29:03Z,tech,desenvolvedor,2026-08-19,https://www.adzuna.com.br/details/5843651184?utm_medium=api&utm_source=1a779ec3,"['Python', 'SQL', 'Git', 'Power BI', 'Docker', 'Kubernetes']"
5847278498,Desenvolvedor,ASA RENT A CAR LOCACAO DE VEICULOS LTDA,"Recife, Pernambuco",,,"ATRIBUIÇÕES: - Compreender requisitos de negócio e propor soluções técnicas integradas. - Identificar oportunidades de automação e melhorias em processos. - Desenvolver aplicações web, APIs e automações RPA com foco em qualidade, segurança e escalabilidade. - Implementar e manter códigos para frontend, backend e fluxos automatizados. - Atuar em equipe multidisciplinar (desenvolvedores, analistas, designers e DevOps). - Participar de code reviews e projetos ágeis (Scrum, Kanban). - Realizar test…",2026-08-18T18:51:40Z,tech,desenvolvedor,2026-08-19,https://www.adzuna.com.br/details/5847278498?utm_medium=api&utm_source=1a779ec3,[]
5840363661,Desenvolvedor,Prana Comercio Exterior,"Itajaí, Santa Catarina",,,"A TRIVENI é uma holding que gerencia um portfólio diversificado de empresas no mercado de Comércio Exterior. Nosso foco é identificar oportunidades de investimento e crescimento, consolidando nossa presença em mercados estratégicos. Estamos em um momento de expansão e, por isso, buscamos um (a) Desenvolvedor (a) para integrar nosso time: Sua rotina será Desenvolver e manter aplicações web full stack utilizando .NET (C#) no backend e Vue 3 no frontend. Projetar e implementar integrações via APIs…",2026-08-13T11:53:49Z,tech,desenvolvedor,2026-08-19,https://www.adzuna.com.br/details/5840363661?utm_medium=api&utm_source=1a779ec3,[]
5727218079,Desenvolvedor,GEX,Brasil,,," Nosso Jeito de Ser GEX O time da GEX é formado por pessoas com garra, que aprendem fazendo, se envolvem de verdade com o que entregam e levam o trabalho a sério. Nos movemos com o propósito de levar educação, saúde e qualidade de vida para milhares de pessoas ao redor do mundo, com responsabilidade, inovação e excelência. Aqui valorizamos quem propõe, executa e quer crescer junto. Se você busca um ambiente colaborativo, intenso e de alta performance, vem com a gente.  ‍ VAGA ABERTA Desenvolved…",2026-05-12T17:41:29Z,tech,desenvolvedor,2026-08-19,https://www.adzuna.com.br/details/5727218079?utm_medium=api&utm_source=1a779ec3,['Excel']
5783828784,Desenvolvedor,Confidencial,"São Paulo, Estado de São Paulo",,,"Área e especialização profissional: Engenharia - Engenharia Computação, Sistemas Nível hierárquico: Especialista Local de trabalho: São Paulo, SP Regime de contratação de tipo Prestador de Serviços (PJ) Jornada Período Integral ?? Buscamos um(a) Desenvolvedor(a) Sênior para liderar tecnicamente iniciativas de alta complexidade, elevar o padrão de engenharia do time e conectar tecnologia ao resultado do negócio ?? Principais Responsabilidades Arquitetar soluções e componentes considerando contex…",2026-07-01T11:18:46Z,tech,desenvolvedor,2026-08-19,https://www.adzuna.com.br/details/5783828784?utm_medium=api&utm_source=1a779ec3,[]
4934552481,Desenvolvedor,Smart Inteligência Empresarial,"Belo Horizonte, Minas Gerais",,,"▪ Desenvolver softwares PHP, Zend, Framework (CakePHP, Codeiginiter) Desejável conhecimento em Magento Commerce , Webservices, APIs.",2024-11-11T09:44:47Z,tech,desenvolvedor,2026-08-19,https://www.adzuna.com.br/details/4934552481?utm_medium=api&utm_source=1a779ec3,[]
5813692999,DESENVOLVEDOR,IEL MT,"Cuiabá, Mato Grosso",,,"Desenvolver novos módulos e funcionalidades para os sistemas web da empresa; Realizar manutenção corretiva, preventiva e evolutiva das aplicações existentes; Desenvolver interfaces web modernas, responsivas e de alta performance; Desenvolver, documentar e manter APIs REST para integração entre sistemas; Implementar integrações com bancos de dados, serviços e APIs de terceiros; Realizar consultas, otimização e manutenção em bancos de dados PostgreSQL/PostGIS; Trabalhar com versionamento de códig…",2026-07-24T07:24:41Z,tech,desenvolvedor,2026-08-19,https://www.adzuna.com.br/details/5813692999?utm_medium=api&utm_source=1a779ec3,['SQL']
5817711063,Desenvolvedor,SAFE-E,"São Paulo, Estado de São Paulo",,,"Descrição Estamos em busca de um(a) profissional de Cloud DevOps para atuar na gestão, automação e evolução da nossa infraestrutura AWS, contribuindo para o desenvolvimento de uma plataforma enterprise escalável, resiliente e totalmente cloud-native.A pessoa será responsável por garantir alta disponibilidade, segurança, performance e eficiência dos ambientes, além de apoiar a implementação de boas práticas de infraestrutura como código, CI/CD e observabilidade. Responsabilidades e atribuições G…",2026-07-27T20:11:24Z,tech,desenvolvedor,2026-08-19,https://www.adzuna.com.br/details/5817711063?utm_medium=api&utm_source=1a779ec3,['AWS']
5832087026,Desenvolvedor,Inovation IT,Brasil,,,"Responsabilidades e atribuições Objetivo da posição: Buscamos um(a) profissional com perfil multidisciplinar, capaz de atuar no desenvolvimento de integrações entre sistemas corporativos, tratamento e disponibilização de dados, automações e construção de soluções analíticas. Esse profissional trabalhará com uma abordagem AI First, utilizando ferramentas de inteligência artificial para desenvolvimento, como Cursor AI e soluções equivalentes, para acelerar a criação de código, testes, documentaçã…",2026-08-07T12:21:42Z,tech,desenvolvedor,2026-08-19,https://www.adzuna.com.br/details/5832087026?utm_medium=api&utm_source=1a779ec3,[]
5810298338,Desenvolvedor(a),Webpeak,Brasil,,,"As atividades relacionadas à vaga incluem: Desenvolver e arquitetar soluções inovadoras; Corrigir e ajustar sistemas conforme necessário; Personalizar e otimizar aplicações Zoho; Garantir qualidade através de boas práticas de programação; Requisitos Conhecimento básico de algoritmos: if else / switch / loops / funções; Domínio de tipos primitivos e estruturas de dados: variáveis, arrays, objetos; Conhecimento básico de como funcionam as APIs, requisições HTTP, autenticação, body etc. ; Familiar…",2026-07-21T23:42:54Z,tech,desenvolvedor,2026-08-19,https://www.adzuna.com.br/details/5810298338?utm_medium=api&utm_source=1a779ec3,[]
5833870662,Desenvolvedor,who.,"Belo Horizonte, Minas Gerais",,,"Na Who Tech, a tecnologia é uma das engrenagens que movem nosso propósito. Se você é uma pessoa curiosa, gosta de aprender constantemente e quer colaborar com soluções que realmente fazem a diferença aqui é o seu lugar. O que você vai fazer - Planejar e executar demandas técnicas com o time, com foco em impacto real. - Desenvolver e manter aplicações escaláveis, seguras e de alta performance. - Projetar e manter testes automatizados, pipelines de CI/CD, garantindo qualidade desde o início. - Pa…",2026-08-08T18:38:22Z,tech,desenvolvedor,2026-08-19,https://www.adzuna.com.br/details/5833870662?utm_medium=api&utm_source=1a779ec3,[]
5844657138,Devops,Não informado,"São Paulo, Estado de São Paulo",,,"Devops - Atua como referência técnica dentro da equipa, apoiando o desenvolvimento dos colegas e garantindo a excelência operacional. Atua proativamente em cerimônias ágeis e na resolução de problemas estruturais. - Desenhar arquiteturas resilientes e escaláveis; - Definir boas práticas DevOps; - Responsável poriniciativas de performance e segurança; - Apoiar na orientaçãotécnica da equipa DevOps; - Colaborar com áreas de arquitetura e segurança; - Monitorar sistemas eresolver problemas; - Gara…",2026-08-16T20:15:31Z,tech,devops,2026-08-19,https://www.adzuna.com.br/details/5844657138?utm_medium=api&utm_source=1a779ec3,['Excel']
4934498888,Devops,As Consult,"São Paulo, Estado de São Paulo",,,"Senioridade : Sênior. (Ou um “plenior”, que tenha conhecimento e maturidade para nos apoiar com a construção do devops dentro da área de tech, pois hoje não temos alguém responsável por essa função) Requisitos técnicos : ● Experiência com AWS ● Repositório GitHub ● Diferencial ter experiência com Heroku",2024-11-11T09:39:20Z,tech,devops,2026-08-19,https://www.adzuna.com.br/details/4934498888?utm_medium=api&utm_source=1a779ec3,"['Git', 'AWS']"
5485137604,DevOps,Psd Servicos Digitais E Recrutamento,"Belo Horizonte, Minas Gerais",,,"Estamos apoiando uma startup de tecnologia em crescimento, que atua com soluções SaaS para a indústria, na busca por um(a) DevOps Pleno/Sênior. A pessoa terá um papel de coordenação técnica, apoiando o desenvolvimento de um profissional júnior. O modelo de contratação pode ser PJ ou CLT, com atuação remota, mas com possibilidade de encontros presenciais ocasionais. LI-Hybrid",2025-11-07T08:36:26Z,tech,devops,2026-08-19,https://www.adzuna.com.br/details/5485137604?utm_medium=api&utm_source=1a779ec3,[]
5703998837,Vaga: Devops,Rino Box Solucoes Financeiras,Brasil,,,"Adicionar sinergia na força de venda de todo o portfólio Rinobox, resultando no incremento do faturamento total e por produto. Atividade: ? DevOps o Gestão conta AWS o Gestão Rede AWS o Conhecimentos de construção de infraestrutura de container (Kubernetes) Vaga de segunda a Sexta - Das 09h00 as 18h00. Bairro: Vila Mariana - Zona Sul/SP 100% PRESENCIAL Contratação: PJ Salário: A combinar",2026-04-18T18:06:22Z,tech,devops,2026-08-19,https://www.adzuna.com.br/details/5703998837?utm_medium=api&utm_source=1a779ec3,"['AWS', 'Docker', 'Kubernetes']"
5774037184,Devops,Rgk4It,Brasil,,,"DEVOPS Quer se candidatar a esta vaga? Descrição da Vaga • Automatizar processos de desenvolvimento, testes e implantação; • Implementar práticas de CI para garantir a integração regular e automática do código e CD para permitir a entrega contínua e automática de software; • Gerenciar a infraestrutura usando código para garantir consistência e replicabilidade; • Implementar e gerenciar contêineres, muitas vezes usando tecnologias como Docker e Kubernetes; • Configurar e manter ferramentas de mo…",2026-06-23T18:37:33Z,tech,devops,2026-08-19,https://www.adzuna.com.br/details/5774037184?utm_medium=api&utm_source=1a779ec3,"['Docker', 'Kubernetes']"
5501836482,DevOps,FEPWeb,"São Paulo, Estado de São Paulo",,," Nós somos a Fepweb, uma empresa Sinqia. Bem-vindo ao agora! Acreditamos que a inovação tecnológica inspira a evolução. Somos uma das empresas que mais crescem no Brasil, estamos no ranking do IDC como uma das 100 maiores Fintechs do Mundo  Além disso, nossa excelência em governança nos levou ao Novo Mercado da B3, um grupo seleto de empresas na bolsa de valores. Faça parte de uma empresa que foi reconhecida como uma das melhores empresas para se trabalhar pelo GPTW (Great Place To Work) e tem …",2025-11-18T13:50:50Z,tech,devops,2026-08-19,https://www.adzuna.com.br/details/5501836482?utm_medium=api&utm_source=1a779ec3,['Excel']
5740804477,DevOps Engineer,Pavago,Brasil,,,"DevOps Engineer (AWS, Kubernetes, CI/CD & Cloud Infrastructure) – Remote | U.S. Hours Position Type: Full-Time, Remote Working Hours: U.S. Client Business Hours (flexibility for deployments, incidents, and on-call rotations) About the Role At Pavago, one of our clients is hiring a DevOps Engineer to build, maintain, and optimize cloud infrastructure, deployment pipelines, and automation systems. This role is focused on: Cloud infrastructure CI/CD pipelines Kubernetes & containerization Monitori…",2026-05-25T20:08:27Z,tech,devops,2026-08-19,https://www.adzuna.com.br/details/5740804477?utm_medium=api&utm_source=1a779ec3,"['AWS', 'Docker', 'Kubernetes']"
5801479265,DevOps Engineer,Sur,"São Paulo, Estado de São Paulo",,,"We are looking for a DevOps Engineer with strong hands-on experience in CI/CD, Kubernetes, infrastructure automation, and basic observability. This person will support deployment workflows, containerized environments, platform reliability, and day-to-day DevOps operations. The ideal candidate is hands-on, proactive, comfortable working with engineering teams, and able to communicate clearly in English with international stakeholders. This role is best suited for someone who has built or maintai…",2026-07-15T16:06:08Z,tech,devops,2026-08-19,https://www.adzuna.com.br/details/5801479265?utm_medium=api&utm_source=1a779ec3,"['Docker', 'Kubernetes']"
5424442254,DevOps Architect,Creative Chaos,Brasil,,,"Job Description: Responsible for ensuring adherence to the SLAs as per contract. Take the lead on urgent issues and projects, ensuring statuses are properly communicated and appropriate staffing resources are assigned as required. Responsible for documentation of system configuration, processes and tools used by the team. Have a thorough process methodology and ability to communicate with all stake holders. Work collaboratively with development engineering to create and deploy a CI/CD infrastru…",2025-10-01T10:19:19Z,tech,devops,2026-08-19,https://www.adzuna.com.br/details/5424442254?utm_medium=api&utm_source=1a779ec3,[]
5673182529,DevOps Engineer,Tenchi Security,Brasil,,,"Our Company Tenchi is a Cyber Security company building innovative technology focused on Third-Party Cyber Risk Management for businesses. Founded by serial entrepreneurs and supported by solid institutional investors, we are driven to disrupt this fast-growing industry. Tenchi was created to tackle a real challenge: companies often face security risks because their third-parties don’t maintain the same level of cyber protection. This gap leaves even the largest organizations potentially vulner…",2026-03-20T13:24:45Z,tech,devops,2026-08-19,https://www.adzuna.com.br/details/5673182529?utm_medium=api&utm_source=1a779ec3,[]
5838845048,DevOps Pleno,MIRANTE TECNOLOGIA,"São Paulo, Estado de São Paulo",,,"Cargo: Devops Pleno Tipo de contratação: PJ Modalidade: Hibrida 2x presencial e 3 remoto Local de Trabalho: bela vista-SP Formação: ensino superior Requisitos Obrigatórios/Tecnologia/Conhecimento necessários Principais atividades: Perfil Infra ongoing - Perfil generalista e hands on Fará parte do time de sustentação de Cloud Computing e devops, fará atendimento de chamados relacionados recursos de cloud, pipelines e ferramentas de CI/CD como azure devops, Jenkins e Bitbucket; atendimento de req…",2026-08-12T18:48:31Z,tech,devops,2026-08-19,https://www.adzuna.com.br/details/5838845048?utm_medium=api&utm_source=1a779ec3,['Azure']
5844656073,Engenheiro Devops,Não informado,"São Paulo, Estado de São Paulo",,,"Engenheiro Devops - Nossa especialidade é impulsionar as demandas de nossos clientes, integrando processos, pessoas e tecnologia de alta performance. Sobre o Cargo: CONSULTOR DEVOPS Responsabilidades e atribuições -Projetar e manter pipelines CI/CD robustos com validações automatizadas (unit, integration e security tests), aplicando práticas de GitFlow ou trunk-based development. -Automatizar provisionamento de ambientes cloud (IaaS/PaaS) com Terraform, CloudFormation ou scripts personalizados.…",2026-08-16T20:15:23Z,tech,devops,2026-08-19,https://www.adzuna.com.br/details/5844656073?utm_medium=api&utm_source=1a779ec3,['Git']
5815792957,Analista DevOps,Mogai Tecnologia De Informacao,"Vila Velha, Espirito Santo",,,"O Analista DevOps é responsável por auxiliar no desenvolvimento, implementação e manutenção de pipelines de integração e entrega contínua, visando a automação de processos e a melhoria da eficiência operacional. Além disso, atua na configuração e monitoramento de ambientes de produção, garantindo a estabilidade e segurança dos sistemas. Garantir a disponibilidade, performance e segurança dos ambientes de aplicação Desenvolver, implementar e evoluir pipelines de CI/CD automatizados Administrar e…",2026-07-25T18:51:02Z,tech,devops,2026-08-19,https://www.adzuna.com.br/details/5815792957?utm_medium=api&utm_source=1a779ec3,[]
5844656350,Analista De Devops,Não informado,"São Paulo, Estado de São Paulo",,,"Analista De Devops - Gerenciar e automatizar infraestruturas na nuvem da AWS, garantindo escalabilidade, confiabilidade e segurança. Colaborar com equipes de desenvolvimento para garantir a implantação bem-sucedida de aplicativos na AWS. Configurar e monitorar sistemas, aplicativos e serviços na AWS, usando ferramentas como CloudWatch e outros sistemas de monitoramento. Implementar práticas de infraestrutura como código (IaC) usando ferramentas como Terraform ou AWS CloudFormation. Resolver pro…",2026-08-16T20:15:25Z,tech,devops,2026-08-19,https://www.adzuna.com.br/details/5844656350?utm_medium=api&utm_source=1a779ec3,['AWS']
4934596380,Devops SR,GSN,"São Paulo, Estado de São Paulo",,,Devops focado em operações; Administração de sistemas operacionais Microsoft e Linux; Powershell e Sheelscript; Gestão de recursos e serviços na Azure e AWS; Administração de ambientes de orquestração com Kubernets e Openshift; Docker.,2024-11-11T09:49:56Z,tech,devops,2026-08-19,https://www.adzuna.com.br/details/4934596380?utm_medium=api&utm_source=1a779ec3,"['AWS', 'Azure', 'Docker']"
5828035855,Desenvolvedor Devops,T MAIOR SERVICES,"Todos os Santos, Rio de Janeiro",,,"Área e especialização profissional: Informática, TI, Telecomunicações - Programador / Desenvolvedor Nível hierárquico: Analista Local de trabalho: Todo Brasil Regime de contratação de tipo Prestador de Serviços (PJ) Jornada Período Integral Responsabilidades: Auxiliar nas atividades de mapeamento da infraestrutura de software do cliente, desenvolvimento e teste de ambientes. Executar os projetos utilizando conceitos e ferramentas DevOps através de codificação de aplicações e scripts ou via conf…",2026-08-04T13:18:20Z,tech,devops,2026-08-19,https://www.adzuna.com.br/details/5828035855?utm_medium=api&utm_source=1a779ec3,[]
5844656599,Devops Consultant,Não informado,"São Paulo, Estado de São Paulo",,,"Devops Consultant - Nossa especialidade é impulsionar as demandas de nossos clientes, integrando processos, pessoas e tecnologia de alta performance. Sobre o CargoResponsabilidades e atribuições-Projetar e manter pipelines CI/CD robustos com validações automatizadas (unit, integration e security tests), aplicando práticas de GitFlow ou trunk-based development. -Automatizar provisionamento de ambientes cloud (IaaS/PaaS) com Terraform, CloudFormation ou scripts personalizados. -Realizar o version…",2026-08-16T20:15:27Z,tech,devops,2026-08-19,https://www.adzuna.com.br/details/5844656599?utm_medium=api&utm_source=1a779ec3,['Git']
5807498173,Gerente de DevOps,Solucionare,"Belo Horizonte, Minas Gerais",,,"Sobre a vaga O seu dia a dia com a gente: Você vai integrar o nosso time de Infraestrutura na frente de DevOps, atuando como ponto de integração entre Infraestrutura e Desenvolvimento, com autonomia técnica para conduzir a construção dos novos ambientes dos nossos produtos de ponta a ponta. Suas principais frentes serão: Arquitetura e Novos Ambientes: Planejar e liderar a arquitetura, a criação e a evolução dos novos ambientes (nuvem e/ou on-premise) que sustentam os nossos produtos, alinhando …",2026-07-19T18:54:33Z,tech,devops,2026-08-19,https://www.adzuna.com.br/details/5807498173?utm_medium=api&utm_source=1a779ec3,[]
5844657360,Devops Engineer,Não informado,Brasil,,,"Devops Engineer - O(a) profissional será responsável por implementar, otimizar, automatizar e dar suporte a ambientes críticos em nuvem, garantindo alta disponibilidade, segurança e escalabilidade. Lotado em um cliente de rede de hospitais nacional. Requisitos obrigatórios - Experiência sólida como DevOps em ambiente AWS. - Experiencia em migração de workloads para nuvem utilizando serviços como: o AWS Database Migration Service (DMS) o AWS DataSync o AWS Aplication Migration Service - Certific…",2026-08-16T20:15:33Z,tech,devops,2026-08-19,https://www.adzuna.com.br/details/5844657360?utm_medium=api&utm_source=1a779ec3,['AWS']
5847365365,DevOps Pleno,Opencircle,"São Paulo, Estado de São Paulo",,,"Quem somos nós? A OpenCircle é uma empresa de tecnologia focada em soluções digitais ágeis que agregam valor ao dia a dia das organizações. Nosso propósito é promover o crescimento por meio da tecnologia. Somos pessoas e trabalhamos para pessoas. Amamos o que fazemos, crescemos e aprendemos juntos. O que fazemos? Somos um ecossistema de tecnologia e inovação, especializado em uma ampla gama de serviços que incluem Product Discovery, Product Design, Desenvolvimento Web & Mobile, Arquitetura de S…",2026-08-18T19:00:26Z,tech,devops,2026-08-19,https://www.adzuna.com.br/details/5847365365?utm_medium=api&utm_source=1a779ec3,['Git']
5830628217,DevOps Engineer,Kstack,"Barueri, Estado de São Paulo",,,"Estamos apoiando uma fintech com forte presença nacional , especializada em meios de pagamento, maquininhas de cartão e recargas digitais , que atua em mais de 1.700 localidades e tem como pilares inovação, escalabilidade e excelência na experiência do cliente . A empresa está ampliando seus investimentos em tecnologia e busca um(a) DevOps Engineer para fortalecer a cultura DevOps e garantir a entrega contínua, segura e eficiente de aplicações críticas.  Principais Responsabilidades Planejar, i…",2026-08-06T12:21:52Z,tech,devops,2026-08-19,https://www.adzuna.com.br/details/5830628217?utm_medium=api&utm_source=1a779ec3,"['Git', 'Excel']"
5835717517,DevOps Engineer,Brasil Card Instituicao De Pagamentos,Brasil,,,"Missão do Cargo Estamos em busca de um(a) DevOps Engineer Sênior para atuar na construção e manutenção de pipelines CI/CD, orquestração de containers com Kubernetes e automação de infraestrutura. Você fará parte de um ambiente de produção de alta disponibilidade, com exigência de performance, segurança e escalabilidade, colaborando diretamente com os times de desenvolvimento e operações para garantir soluções eficientes e seguras. Principais Responsabilidades Definir, construir e manter pipelin…",2026-08-10T12:12:57Z,tech,devops,2026-08-19,https://www.adzuna.com.br/details/5835717517?utm_medium=api&utm_source=1a779ec3,"['Docker', 'Kubernetes']"
5847342773,DevOps - Joinville,OEmprego - Vagas Brasil,"Joinville, Santa Catarina",,,Administrar aplicações nos ambientes Heroku e Amazon AWS; Monitorar Logs (sentry) Sugerir melhoria em códigos (requisições que necessitam refatoração) Monitorar banco de dados PostgreSql; Sugerir melhorias para maior escala Cargo: DEVOPS - JOINVILLE | Salario: A combinar. | Ensino: Ensino médio. | Turno: Manhã e Tarde. | Area: Informática. | Experiência:. | Cidade: Joinville / SC,2026-08-18T18:58:10Z,tech,devops,2026-08-19,https://www.adzuna.com.br/details/5847342773?utm_medium=api&utm_source=1a779ec3,"['SQL', 'AWS']"
5754764785,Especialista DevOps,Sempre It,"Belo Horizonte, Minas Gerais",,,"Responsabilidades e atribuições: • Criar e manter pipelines CI/CD robustos e escaláveis, garantindo implantação segura e ágil. • Automatizar infraestrutura com Terraform, Ansible e Kubernetes. • Garantir observabilidade e monitoramento usando Prometheus, Grafana, Elastic Stack e ferramentas de APM. • Implementar segurança e conformidade (PCI DSS, HSM, criptografia, controle de acessos e auditorias). • Gerenciar clustes Kubernetes (EKS, OpenShift, AKS, GKE) e otimizá-los para alta performance e …",2026-06-06T17:49:39Z,tech,devops,2026-08-19,https://www.adzuna.com.br/details/5754764785?utm_medium=api&utm_source=1a779ec3,['Kubernetes']
5832082061,Engenheiro DevOps,Zilia Technologies,"Atibaia, Estado de São Paulo",,,"Description Estamos em busca de um(a) Engenheiro de DevOps para integrar nosso time!  Esse profissional atuará no desenvolvimento e sustentação de práticas de DevOps, projetando e implementando soluções de automações seguras para ambientes de desenvolvimento, testes e produção. Se você é apaixonado por identificar e resolver problemas de infraestrutura e deseja contribuir junto ao time de Pesquisa & Desenvolvimento com inovação e soluções que transformam o futuro, essa oportunidade é para você!…",2026-08-07T12:15:23Z,tech,devops,2026-08-19,https://www.adzuna.com.br/details/5832082061?utm_medium=api&utm_source=1a779ec3,[]
5842123465,Analista Marketing Sr (Storymaker) | Salvador,Rede D'Or,"Salvador, Bahia",,,"Requisitos e qualificações Formação: Ensino superior completo em Comunicação, Marketing ou Publicidade e Propaganda; Com portifólio de Storymaker, competência para edição de vídeos e habilidades graficas; Domínio das Ferramentas Adobe (Ilustrator, Photoshop, Premier) After Effects, Editores como Capcut e IAs. Responsabilidades e atribuições Planejar e Executar as ações previstas no planejamento da área digital; Realizar a produção de peças digitais para divulgação dos serviços, corpo clínico, e…",2026-08-14T15:56:40Z,marketing,analista de marketing,2026-08-19,https://www.adzuna.com.br/land/ad/5842123465?se=wm8Ddd-b8RGQor-L2zKR7A&utm_medium=api&utm_source=1a779ec3&v=72A64B33B4DC4E52B346312606C3A8A177485B2A,['Git']
5844465659,Analista de Marketing,Good Pack Embalagens,"Santo André, Estado de São Paulo",,,"Descreva as principais atribuições e atividades: - Criação de layouts, banners, catálogos e folders; - Cadastro de produtos e alterações em site Wordpress; - Fotografia de produtos; - Gestão de redes sociais; - Criação de Fotos e Vídeos usando Inteligência Artificial Conhecimentos específicos (técnicos) relacionados ao cargo: - Conhecimento no pacote Adobe (Photoshop e Illustrador); - Conhecimento básico em fotográfia. - Conhecimento básico em Wordpress. - Conhecimento IA Beneficios: VT / VA Co…",2026-08-16T16:35:53Z,marketing,analista de marketing,2026-08-19,https://www.adzuna.com.br/land/ad/5844465659?se=wm8Ddd-b8RGQor-L2zKR7A&utm_medium=api&utm_source=1a779ec3&v=C80D67CF9E5269E3F846E0A241BB845D6E76787D,[]
5847343396,Analista Marketing,OEmprego - Vagas Brasil,"São José, Santa Catarina",,,VOLTADA PARA O COMERCIAL E MARKETING DIGITAL HABILIDADES Conhecimento em photoshop e outros softwares gráficos Desenvolvimento de promoções e campanhas; área comercial Apoio para a implementação de ações planejadas Participa da criação de novos produtos ou serviços Acompanhamento e gerenciamento de redes sociais Acompanhamento de métricas e índices de performance Análise do retorno sobre os investimentos de marketing Planejamento para aumentar o tráfego orgânico e pago do site Organização de ev…,2026-08-18T18:58:14Z,marketing,analista de marketing,2026-08-19,https://www.adzuna.com.br/details/5847343396?utm_medium=api&utm_source=1a779ec3,['Git']
5841946106,Analista Marketing,Grupo Saga,Brasil,,,"ANALISTA MARKETING Quer se candidatar a esta vaga? Descrição da Vaga Descrição da Vaga FAÇA PARTE DA NOSSA CASA DE AMIGOS! Se você é apaixonado por carros, cultiva bons relacionamentos, é proativo, criativo e gosta de desafios, este é o lugar certo para você trabalhar. Buscamos profissionais dispostos a entregar o seu melhor, que tenham interesse constante por aprendizado e coloquem em prática valores éticos. ATIVIDADES: Planejar, executar e acompanhar campanhas de marketing digitais e offline,…",2026-08-14T12:31:44Z,marketing,analista de marketing,2026-08-19,https://www.adzuna.com.br/details/5841946106?utm_medium=api&utm_source=1a779ec3,['Git']
5845532092,ANALISTA MARKETING,Afonso França,"São Paulo, Estado de São Paulo",,,"Planejar, criar e enviar newsletters, garantindo comunicação eficiente com a base de contatos; Produzir conteúdos digitais, incluindo notícias, artigos e postagens para redes sociais e canais institucionais; Realizar edição de vídeos para campanhas, redes sociais e comunicação interna; Desenvolver e desdobrar peças visuais; Operar e otimizar campanhas utilizando o RD Station; Elaborar e analisar relatórios de performance, acompanhando métricas e propondo melhorias contínuas; Apoiar na execução …",2026-08-17T19:03:10Z,marketing,analista de marketing,2026-08-19,https://www.adzuna.com.br/details/5845532092?utm_medium=api&utm_source=1a779ec3,['Git']
5844525363,Analista Marketing,Sieg apoio administrativo,"Curitiba, Paraná",,,"Manter e organizar documentos de marketing, contratos, relatórios e arquivos digitais; Gerenciar agendas e calendários de reuniões, eventos e prazos importantes para a equipe de marketing; Agendar e preparar reuniões, incluindo a criação de agendas, a preparação de materiais e a coordenação de logística; Manter atualizados os sites, blogs e perfis de redes sociais da empresa; Registrar dados de campanhas de marketing, incluindo métricas de desempenho, feedback de clientes e análises de mercado;…",2026-08-16T18:55:08Z,marketing,analista de marketing,2026-08-19,https://www.adzuna.com.br/details/5844525363?utm_medium=api&utm_source=1a779ec3,['Git']
5845537412,ANALISTA MARKETING,Conceito prime rh,"Guarulhos, Estado de São Paulo",,,"VAGA: ASSISTENTE DE MARKETING Vaga Masculina Local: Itaquaquecetuba - SP Horário: Segunda a sábado, das 07h30 às 17h18 Salário: A combinar Benefícios: Vale-refeição Vale-transporte Assistência médica Assistência odontológica Ajuda de custo para faculdade e cursos técnicos Requisitos: Ensino Médio Completo Preferencialmente ter atuado em indústria Curso Técnico, Profissionalizante ou Superior em Design Gráfico, Web Design, Marketing ou áreas correlatas Experiência com administração de redes soci…",2026-08-17T19:03:47Z,marketing,analista de marketing,2026-08-19,https://www.adzuna.com.br/details/5845537412?utm_medium=api&utm_source=1a779ec3,[]
5845537491,ANALISTA MARKETING,Conceito prime rh,"Itaquaquecetuba, Estado de São Paulo",,,"VAGA: ASSISTENTE DE MARKETING Vaga Masculina Local: Itaquaquecetuba - SP Horário: Segunda a sábado, das 07h30 às 17h18 Salário: A combinar Benefícios: Vale-refeição Vale-transporte Assistência médica Assistência odontológica Ajuda de custo para faculdade e cursos técnicos Requisitos: Ensino Médio Completo Preferencialmente ter atuado em indústria Curso Técnico, Profissionalizante ou Superior em Design Gráfico, Web Design, Marketing ou áreas correlatas Experiência com administração de redes soci…",2026-08-17T19:03:47Z,marketing,analista de marketing,2026-08-19,https://www.adzuna.com.br/details/5845537491?utm_medium=api&utm_source=1a779ec3,[]
5750894034,Analista Marketing,Lunami Consultoria,"São Paulo, Estado de São Paulo",36000.0,37200.0,Gerenciar campanhas de marketing Coordenar estratégias de comunicação Acompanhar resultados de ações promocionais Colaborar com equipes internas para o desenvolvimento de conteúdo Requisitos Experiência em marketing digital Conhecimento em ferramentas de análise de dados Capacidade de trabalhar em equipe Boa comunicação escrita e oral Benefícios Day Off Convênio Médico Convênio Odontológico VR Total Pass A oportunidade de contribuir para o sucesso da Lunami Consultoria é uma chance de desenvolv…,2026-06-03T17:36:47Z,marketing,analista de marketing,2026-08-19,https://www.adzuna.com.br/details/5750894034?utm_medium=api&utm_source=1a779ec3,['Git']
5795989274,Analista Marketing,Confidencial,"Curitiba, Paraná",54000.0,60000.0,"Principais Responsabilidades: Criar e desenvolver peças gráficas para os canais digitais e offline da empresa, como posts para redes sociais, banners, apresentações, materiais promocionais, e-mails marketing, entre outros. Zelar pela identidade visual da marca, assegurando que todas as criações estejam alinhadas ao manual de marca e aos padrões de branding estabelecidos. Apoiar na evolução e atualização do branding da empresa, participando de projetos de redesign, criação de novos elementos vis…",2026-07-10T18:26:33Z,marketing,analista de marketing,2026-08-19,https://www.adzuna.com.br/details/5795989274?utm_medium=api&utm_source=1a779ec3,['Git']
5268297467,Analista Marketing,DESPPOL,"Santo André, Estado de São Paulo",,,"Estamos em busca de um Desenvolvedor de Conteúdo de Marketing para integrar nossa equipe e impulsionar nossos conteúdos de maneira criativa e direcionada. Esse profissional será responsável por produzir conteúdo relevante com nosso público-alvo, além de monitorar tendências e ajustar estratégias para atingir objetivos de engajamento e divulgação. Principais Responsabilidades: Criação de Conteúdo Multicanal: Desenvolver e adaptar conteúdos para blog, redes sociais, email e marketing Estratégia d…",2025-06-25T18:07:52Z,marketing,analista de marketing,2026-08-19,https://www.adzuna.com.br/details/5268297467?utm_medium=api&utm_source=1a779ec3,[]
3635545251,Analista Marketing,MAKE | Job,"Curitiba, Paraná",,,"Nível: Analista Cursos de: Bacharelado em design gráfico,CURSO SUPERIOR DE TECNOLOGIA EM WEB DESIGN,Artes visuais,Bacharelado em Publicidade e propaganda,Administação com Enfâse em Marketing Escolaridade: Graduação - Completo Tipo de contrato: CLT Jornada de trabalho: Horário Comercial Benefícios: Vale refeição, Vale transporte, Plano de saúde, Plano odontológico , Refeição no local Responsabilidades e Experiências desejáveis: Atividades: - Produção de roteiros para campanhas internas e externa…",2022-10-28T22:44:24Z,marketing,analista de marketing,2026-08-19,https://www.adzuna.com.br/details/3635545251?utm_medium=api&utm_source=1a779ec3,[]
5792809862,Analista Marketing,FM CONSULTING - CONSULTORIA EMPRESARIAL LTDA,"São Paulo, Estado de São Paulo",,,"Área e especialização profissional: Administração - Administração Geral Nível hierárquico: Operacional Local de trabalho: São Paulo, SP Regime de contratação de tipo Autônomo Jornada Período Integral Principais ResponsabilidadesPlanejamento: Desenvolver estratégias de marketing digital e tradicional alinhadas aos objetivos da empresa.Análise de Dados: Monitorar métricas e KPIs (como tráfego, conversão e retorno sobre investimento) para otimizar campanhas e gerar relatórios executivos.Inteligênc…",2026-07-08T12:47:39Z,marketing,analista de marketing,2026-08-19,https://www.adzuna.com.br/details/5792809862?utm_medium=api&utm_source=1a779ec3,['Git']
5795423774,Analista Marketing,Confidencial,"São Paulo, Estado de São Paulo",42000.0,48000.0,"Área e especialização profissional: Marketing - Inteligência de Mercado / Estratégia Nível hierárquico: Analista Local de trabalho: São Paulo, SP Regime de contratação de tipo Prestador de Serviços (PJ) Jornada Período Integral Profissional com Conhecimentos de redes sociais Ambiente IA (usuário) facilidade Relacionamento Formatação esstratégica Relacinamento com players diversos",2026-07-10T06:41:45Z,marketing,analista de marketing,2026-08-19,https://www.adzuna.com.br/details/5795423774?utm_medium=api&utm_source=1a779ec3,[]
5819879260,Analista Marketing,Bild Desenvolvimento Imobiliário,Brasil,,,"Description Estamos em busca de uma pessoa com bom relacionamento interpessoal, comunicativo, com facilidade para trabalhar em equipes multidisciplinares, com postura de dono e foco em resultado. Pró ativo, engajado e inovador! Responsibilities Responsável pelo planejamento, coordenação e execução das ações de marketing para lançamento e divulgação de empreendimentos, incluindo campanhas publicitárias, materiais gráficos, eventos, comunicação visual e ações promocionais. Atua em parceria com ag…",2026-07-29T12:23:28Z,marketing,analista de marketing,2026-08-19,https://www.adzuna.com.br/details/5819879260?utm_medium=api&utm_source=1a779ec3,[]
5796215521,Analista Marketing,Pantanal Agrícola,"Campo Grande, Mato Grosso do Sul",,,"Description Se você está em busca de uma oportunidade para atuar na Pantanal, temos uma boa notícia para você sua oportunidade chegou. Venha ser Pantanal! A nossa história e o nosso jeito de ser são marcados por grandes sonhos que nos trouxeram até aqui e que nos enchem de orgulho! Acreditamos que o momento de evoluir é sempre o agora e poder fazer isso junto com a nossa gente é o que torna nossa jornada ainda mais incrível, afinal oferecemos a quilo que temos de melhor A PARCERIA E A CONFIANÇA…",2026-07-10T19:20:35Z,marketing,analista de marketing,2026-08-19,https://www.adzuna.com.br/details/5796215521?utm_medium=api&utm_source=1a779ec3,[]
5798301909,Analista Marketing,Empresa com nome confidencial,Brasil,54000.0,60000.0,"Principais Responsabilidades: Criar e desenvolver peças gráficas para os canais digitais e offline da empresa, como posts para redes sociais, banners, apresentações, materiais promocionais, e-mails marketing, entre outros. Zelar pela identidade visual da marca, assegurando que todas as criações estejam alinhadas ao manual de marca e aos padrões de branding estabelecidos. Apoiar na evolução e atualização do branding da empresa, participando de projetos de redesign, criação de novos elementos vis…",2026-07-12T19:31:30Z,marketing,analista de marketing,2026-08-19,https://www.adzuna.com.br/details/5798301909?utm_medium=api&utm_source=1a779ec3,['Git']
5834737542,Analista Marketing,TranspoTech,"Blumenau, Santa Catarina",,,"Description Na TranspoTech, acreditamos que somos melhores juntos! Se você busca um lugar onde possa se desenvolver, ser ouvido e fazer parte de algo realmente transformador, queremos você com a gente. Aqui, você encontrará uma cultura dinâmica, com foco no cliente, foco no resultado, paixão pelo negócio e um time de pessoas comprometidas, que se dedicam a fazer a diferença todos os dias, sem medir esforços para servir com excelência e agilidade. Confira essa oportunidade e VemSerTranspotech!  …",2026-08-09T12:03:24Z,marketing,analista de marketing,2026-08-19,https://www.adzuna.com.br/details/5834737542?utm_medium=api&utm_source=1a779ec3,['Excel']
5834805259,Analista Marketing,TranspoTech,"Blumenau, Santa Catarina",,,"Description Na TranspoTech, acreditamos que somos melhores juntos! Se você busca um lugar onde possa se desenvolver, ser ouvido e fazer parte de algo realmente transformador, queremos você com a gente. Aqui, você encontrará uma cultura dinâmica, com foco no cliente, foco no resultado, paixão pelo negócio e um time de pessoas comprometidas, que se dedicam a fazer a diferença todos os dias, sem medir esforços para servir com excelência e agilidade. Confira essa oportunidade e VemSerTranspotech!  …",2026-08-09T12:46:23Z,marketing,analista de marketing,2026-08-19,https://www.adzuna.com.br/details/5834805259?utm_medium=api&utm_source=1a779ec3,['Excel']
5840490942,Analista Marketing,Vitta Residencial,"São José do Rio Preto, Estado de São Paulo",,,"Description O profissional será responsável por apoiar a execução do planejamento, campanhas e ações da área marketing, atuando nos lançamentos e estoque de produtos imobiliários, pontos de vendas, ativações de marca, eventos e campanhas de incentivo para corretores. O profissional atuará com agências de publicidade, na gestão e contratação de fornecedores e rotinas administrativas da área de marketing. Responsibilities O profissional será responsável por apoiar a execução do planejamento, camp…",2026-08-13T12:48:20Z,marketing,analista de marketing,2026-08-19,https://www.adzuna.com.br/details/5840490942?utm_medium=api&utm_source=1a779ec3,[]
5844546410,Analista Marketing,GRLIS SECURITIZADORA S.A.,"Salvador, Bahia",,,"Você é apaixonado por marketing e quer fazer parte de uma equipe dinâmica e inovadora? Então, venha trabalhar conosco no Grupo Lis - Consultoria e Fomento Empresarial, uma empresa que oferece soluções personalizadas para o desenvolvimento de negócios. O que você vai fazer? Planejamento da comunicação da empresa; Fortalecimento da história, cultura, valores e conquistas; publicações em canais externos voltados para área de fomento empresarial e demais; Gerenciamento de comunicação (investimento …",2026-08-16T18:57:14Z,marketing,analista de marketing,2026-08-19,https://www.adzuna.com.br/details/5844546410?utm_medium=api&utm_source=1a779ec3,[]
5801741992,Analista Marketing,TrendRH Consulting,Brasil,,,"• Criar artes para redes sociais, campanhas publicitárias e materiais digitais. • Desenvolver banners, peças promocionais, anúncios e layouts • Criar e adaptar materiais gráficos para campanhas de marketing e vendas. • Garantir a padronização visual da marca em todos os materiais. • Editar e tratar imagens de produtos para divulgação. • Auxiliar na criação de identidade visual para campanhas e lançamentos. • Trabalhar em conjunto com a equipe de marketing e comercial para desenvolvimento de cam…",2026-07-15T18:52:04Z,marketing,analista de marketing,2026-08-19,https://www.adzuna.com.br/details/5801741992?utm_medium=api&utm_source=1a779ec3,['Git']
5847392569,Analista Marketing,BuscarVagas - Empregos e Consultoria Brasil,"Porto Alegre, Rio Grande do Sul",,,"Buscamos um colaborador ambicioso e motivado, que queira crescer com a gente, pois acreditamos que energia solar acessível é uma realidade! Atividades: Analisar o tráfego pago em redes sociais; Planejar e realizar a execução de estratégias para gerar oportunidades comerciais; Organizar e monitorar as métricas das atividades; Deverá ter interface com time de vendas para melhoria de resultados; Qualificação de clientes, abertura de novos espaços para divulgação do serviço. Desejável: Conhecimento…",2026-08-18T19:02:45Z,marketing,analista de marketing,2026-08-19,https://www.adzuna.com.br/details/5847392569?utm_medium=api&utm_source=1a779ec3,[]
5847407093,Analista Marketing,VRH SERVIÇOS,"Americana, Estado de São Paulo",,,"Responsabilidades: Desenvolver e implementar estratégias de marketing, análises de mercado para identificar tendências, colaborar com a criação de campanhas de mkt integradas, mídia social e marketing digital. Gerenciar o relacionamento com agências de publicidade, fornecedores e parceiros estratégicos. Requisitos: Formação em Marketing, Publicidade, Comunicação ou áreas correlatas. Experiência na área de marketing, conhecimento em técnicas e ferramentas de marketing, pesquisas de mercado, bran…",2026-08-18T19:04:08Z,marketing,analista de marketing,2026-08-19,https://www.adzuna.com.br/details/5847407093?utm_medium=api&utm_source=1a779ec3,['Git']
5847395352,Analista Marketing - Vaga,Divulga Vagas - Consultoria,"Porto Alegre, Rio Grande do Sul",,,"Buscamos um colaborador ambicioso e motivado, que queira crescer com a gente, pois acreditamos que energia solar acessível é uma realidade! Atividades: Analisar o tráfego pago em redes sociais; Planejar e realizar a execução de estratégias para gerar oportunidades comerciais; Organizar e monitorar as métricas das atividades; Deverá ter interface com time de vendas para melhoria de resultados; Qualificação de clientes, abertura de novos espaços para divulgação do serviço. Desejável: Conhecimento…",2026-08-18T19:03:04Z,marketing,analista de marketing,2026-08-19,https://www.adzuna.com.br/details/5847395352?utm_medium=api&utm_source=1a779ec3,[]
5822537778,Estagiário(a) de Marketing Digital,Rachadel Investimentos,"Itajaí, Santa Catarina",,,"Estágio em Marketing | Social Media Descrição da vaga A Rachadel Investimentos está crescendo e abriu uma vaga presencial de Estágio em Marketing | Social Media para o nosso escritório na Praia Brava, em Itajaí/SC. Há mais de 10 anos, ajudamos famílias e investidores a construírem patrimônio por meio de consórcios, seguros e investimentos imobiliários. Procuramos uma pessoa criativa, organizada e com vontade de aprender na prática. Você fará parte da criação de conteúdos, das redes sociais e do…",2026-07-31T12:57:52Z,marketing,marketing digital,2026-08-19,https://www.adzuna.com.br/land/ad/5822537778?se=kK-Vdd-b8RGvGrvTGRxIcA&utm_medium=api&utm_source=1a779ec3&v=2BD114C2C6701BEC4BE85338A19CAA2054BDDEC5,[]
5798082888,"Analista Júnior de Comunicação, Marketing Digital e Relacionamento Institucional",DPM41,"Belo Horizonte, Minas Gerais",,,"Grupo de empresas está contratando profissional para cuidar da presença digital, da imagem institucional e da comunicação criativa com clientes, parceiros e órgãos públicos.  Local: Belo Horizonte/MG  Modelo: Presencial Principais responsabilidades Administrar as redes sociais das empresas do grupo; Planejar e produzir conteúdos para Instagram, LinkedIn e demais canais digitais; Cuidar da presença das empresas no Google e na internet em geral; Atualizar informações, imagens, publicações e perfi…",2026-07-12T15:04:48Z,marketing,marketing digital,2026-08-19,https://www.adzuna.com.br/land/ad/5798082888?se=kK-Vdd-b8RGvGrvTGRxIcA&utm_medium=api&utm_source=1a779ec3&v=4BC719DB5FFFF77DFC25D995488C7FCB993499FB,['Git']
5840510904,Analista De Marketing Digital - Marketing Digital,E.D.C. DISTRIBUIDORA,"São Paulo, Estado de São Paulo",,,"Área e especialização profissional: Marketing - Marketing Nível hierárquico: Analista Local de trabalho: São Paulo, SP Regime de contratação de tipo Efetivo – CLT Jornada Período Integral Acessar o erp e emitir etiquetas, acessar todas as plataformas e verificar chats, acompanhar anúncios ads, e desempenho roas, criar estratégias e campanhas para aumentar competitividade, análise concorrente, cadastrar novos produtos",2026-08-13T13:26:10Z,marketing,marketing digital,2026-08-19,https://www.adzuna.com.br/details/5840510904?utm_medium=api&utm_source=1a779ec3,[]
5847285369,Marketing Digital,TRAFBOR,"Bom Jesus dos Perdões, Estado de São Paulo",,,"Marketing Digital Procuramos um(a) profissional de Marketing Digital para integrar nosso time e liderar a criação, gestão e execução de estratégias de comunicação e vendas nos canais online. Responsabilidades - Criação, edição e tratamento de imagens e materiais gráficos. - Elaboração de catálogos digitais e impressos. - Gestão e atualização do site institucional e e-commerce. - Criação e gerenciamento de campanhas em redes sociais (Instagram, Facebook, LinkedIn, etc.). - Apoio na gestão de mar…",2026-08-18T18:52:38Z,marketing,marketing digital,2026-08-19,https://www.adzuna.com.br/details/5847285369?utm_medium=api&utm_source=1a779ec3,['Git']
4931985617,Marketing Digital,Não informado,"Rio de Janeiro, Estado do Rio de Janeiro",,,"EMPRESA: Confidencial NEGCIO: Marketing Digital LOCAL: Home Office CONTRATAO: PJ (necessrio ser MEI) CARGO: Gesto de Contedo Digital ATRIBUIES: Avaliar e propor o contedo a ser produzido e fazer o planejamento em cada Rede Social de acordo com a Estratgia definida Acompanhar resultados das aes de marketing para sugerir alteraes. Coordenar equipe de Redes Sociais, acompanhando desempenho individual de produtividade da equipe. Elaborar e apresentar relatrios. Experincia estratgias de mensurao de …",2024-11-08T21:08:38Z,marketing,marketing digital,2026-08-19,https://www.adzuna.com.br/details/4931985617?utm_medium=api&utm_source=1a779ec3,['Git']
5847301316,Marketing Digital,Innovate RH,"Teresina, Piaui",,,"Estamos em busca de uma pessoa criativa, proativa e focada em resultados para promover nossa marca nas redes sociais e outras plataformas digitais. - Principais Atividades: Criar artes e vídeos para redes sociais e campanhas. Cuidar do tráfego pago (Meta Ads, Google Ads etc.). Analisar resultados das campanhas e propor melhorias. Acompanhar tendências e planejar ações para aumentar o alcance da marca. Utilizar ferramentas como Photoshop, Corel Draw, Canva, CapCut, After Effects (ou similares). …",2026-08-18T18:54:02Z,marketing,marketing digital,2026-08-19,https://www.adzuna.com.br/details/5847301316?utm_medium=api&utm_source=1a779ec3,"['Git', 'Google Ads']"
3693917634,Estágio Marketing Digital - Estágio Marketing Digital,AGENCIA L1 MARKETING E TREINAMENTO,"Rio de Janeiro, Estado do Rio de Janeiro",,,"Desenvolvimento de campanhas no Instagram; Edição de Vídeos; Gestão de Tráfego; Webdesign; Gestão de Redes Sociais; Copywriting; Dentre outras Horário das 13h às 17h Número de vagas: 1 Tipo de contrato e Jornada: Estágio - Parcial tardes Área Profissional: Estagiário em Informática, TI, Telecomunicações - Internet / Web Design Exigências Escolaridade Mínima: Ensino Superior",2022-11-15T23:07:29Z,marketing,marketing digital,2026-08-19,https://www.adzuna.com.br/details/3693917634?utm_medium=api&utm_source=1a779ec3,[]
5810517425,Consultor Comercial - WXW Marketing Digital - MARKETING DIGITAL,I AM RH Consultoria,"Aracaju, Sergipe",,,"Área e especialização profissional: Comercial, Vendas - Venda Externa Nível hierárquico: Consultor Local de trabalho: Aracaju, SE Regime de contratação de tipo Efetivo – CLT Jornada Período Integral RESPONSABILIDADES: Vendas de Serviços da agência WXW Dogital; Prospectar clientes Apresentar soluções digitais Fortalecer o relacionamento com clientes Participar de reuniões Emitir relatórios de visitas diários Comparecer a eventos quando necessário, Habilidades em lidar com público _______________…",2026-07-22T05:06:24Z,marketing,marketing digital,2026-08-19,https://www.adzuna.com.br/details/5810517425?utm_medium=api&utm_source=1a779ec3,['Git']
5702964179,Assistente de Marketing Digital,Madder Marketing Digital,"Castelo, Belo Horizonte",,,"Somos uma agência de marketing digital que desde 2012 ajuda pequenas e médias empresas a aumentarem suas vendas através de estratégias de marketing digital, inbound marketing e geração de leads. Atendemos empresas de diversos segmentos com foco em estratégia, performance e resultados reais de negócio . Estamos buscando um Assistente de Marketing Digital para apoiar a execução das estratégias de marketing dos nossos clientes. O que você vai fazer Apoiar no atendimento e acompanhamento de cliente…",2026-04-17T18:07:31Z,marketing,marketing digital,2026-08-19,https://www.adzuna.com.br/details/5702964179?utm_medium=api&utm_source=1a779ec3,['Git']
5749553035,Analista de Marketing Digital,SORRIA EMPREENDIMENTOS E PARTICIPACOES S/S LTDA,"São Bernardo do Campo, Estado de São Paulo",48000.0,60000.0,A oportunidade de ser Analista de Marketing Digital na SORRIA EMPREENDIMENTOS E PARTICIPACOES S/S LTDA é uma chance única de contribuir para o crescimento da empresa. Funções Gerenciar campanhas de marketing digital Coordenar estratégias de SEO e SEM Acompanhar e analisar métricas de performance Colaborar com equipes internas para o desenvolvimento de conteúdo Requisitos Experiência em marketing digital Conhecimento em ferramentas de análise de dados Capacidade de criar e implementar estratégia…,2026-06-02T17:36:46Z,marketing,marketing digital,2026-08-19,https://www.adzuna.com.br/details/5749553035?utm_medium=api&utm_source=1a779ec3,"['Git', 'SEO']"
5752447716,Analista de Marketing Digital,Sorria Empreendimentos E Participacoes S/S,"São Bernardo do Campo, Estado de São Paulo",48000.0,60000.0,A oportunidade de ser Analista de Marketing Digital na SORRIA EMPREENDIMENTOS E PARTICIPACOES S/S LTDA é uma chance única de contribuir para o crescimento da empresa. Funções Gerenciar campanhas de marketing digital Coordenar estratégias de SEO e SEM Acompanhar e analisar métricas de performance Colaborar com equipes internas para o desenvolvimento de conteúdo Requisitos Experiência em marketing digital Conhecimento em ferramentas de análise de dados Capacidade de criar e implementar estratégia…,2026-06-04T18:33:42Z,marketing,marketing digital,2026-08-19,https://www.adzuna.com.br/details/5752447716?utm_medium=api&utm_source=1a779ec3,"['Git', 'SEO']"
5847383469,Gerente de Marketing Digital,[R&S] Docg - Novo Negócio - Levantada de Mão,"Curitiba, Paraná",,,"Responsabilidades e atribuições - Desenvolver e implementar estratégias de marketing digital que aumentem a presença online da empresa, atraiam novos clientes e maximizem o retorno sobre o investimento (ROI). - Gerenciar campanhas de SEO e SEM para melhorar o posicionamento nos motores de busca e aumentar o tráfego orgânico e pago. - Coordenar a criação e distribuição de conteúdo de marketing digital, incluindo blogs, e-books, infográficos, vídeos e postagens em redes sociais. - Administrar as …",2026-08-18T19:01:59Z,marketing,marketing digital,2026-08-19,https://www.adzuna.com.br/details/5847383469?utm_medium=api&utm_source=1a779ec3,"['Git', 'SEO']"
5704761578,Estágio em Marketing Digital,Union Recursos Humanos,Brasil,,,"O estagiário em marketing digital terá a oportunidade de participar ativamente das estratégias digitais da empresa, contribuindo para a ampliação da presença online e engajamento com o público-alvo. Este estágio proporcionará experiência prática em diversas áreas do marketing digital.",2026-04-19T17:32:43Z,marketing,marketing digital,2026-08-19,https://www.adzuna.com.br/details/5704761578?utm_medium=api&utm_source=1a779ec3,['Git']
5835713813,Assistente de Marketing Digital,Meet Recrutamento e Seleção,Brasil,,,"Oportunidade de Carreira como Assistente de Marketing Digital Estamos em busca de um profissional dinâmico e criativo para se juntar ao nosso time de marketing digital. A função de Assistente de Marketing Digital é fundamental para o crescimento e a visibilidade da nossa imobiliária. O candidato ideal deverá ter uma forte habilidade em redes sociais, com uma compreensão profunda das estratégias de marketing digital que impulsionam resultados. Você será responsável por gerenciar e otimizar nossa…",2026-08-10T12:09:08Z,marketing,marketing digital,2026-08-19,https://www.adzuna.com.br/details/5835713813?utm_medium=api&utm_source=1a779ec3,['Git']
5822471849,Assistente de Marketing Digital,Live,Brasil,,,"A LIVE! está buscando um profissional dinâmico e comprometido para assumir a posição de Assistente de Marketing Digital em nossa empresa. Requisitos: Cursando Superior em Marketing, Comunicação, Publicidade ou áreas correlatas; Desejável experiência anterior em estágio ou função de apoio em marketing digital; Conhecimento em fundamentos de marketing digital, redes sociais e ferramentas de publicação; Atividades: Executar programação e publicação de conteúdos nas redes sociais e plataformas digi…",2026-07-31T12:31:40Z,marketing,marketing digital,2026-08-19,https://www.adzuna.com.br/details/5822471849?utm_medium=api&utm_source=1a779ec3,['Git']
5847345956,Analista de Marketing Digital,GS soluçoes em RH,"Balneário Camboriú, Santa Catarina",,,"Vaga: Analista Sênior de Marketing Digital Salário: A combinar 100%Remoto Contratação PJ Requisitos: Experiência sólida em marketing digital; Conhecimento e prática em e-commerce e dropshipping; Diferenciais Familiaridade com a plataforma ActiveCampaign; Conhecimento com a plataforma Klaviyo; Boa comunicação e experiência em liderança. Principais Responsabilidades: Gerenciar e otimizar o Active Campaign, incluindo criação e análise de fluxos de automação, campanhas semanais e melhorias contínua…",2026-08-18T18:58:34Z,marketing,marketing digital,2026-08-19,https://www.adzuna.com.br/details/5847345956?utm_medium=api&utm_source=1a779ec3,['Git']
5820193192,Assistente de Marketing Digital,LIVE!,"Jaraguá do Sul, Santa Catarina",,,"A LIVE! está buscando um profissional dinâmico e comprometido para assumir a posição de Assistente de Marketing Digital em nossa empresa. Requisitos: Cursando Superior em Marketing, Comunicação, Publicidade ou áreas correlatas; Desejável experiência anterior em estágio ou função de apoio em marketing digital; Conhecimento em fundamentos de marketing digital, redes sociais e ferramentas de publicação; Atividades: Executar programação e publicação de conteúdos nas redes sociais e plataformas digi…",2026-07-29T18:34:01Z,marketing,marketing digital,2026-08-19,https://www.adzuna.com.br/details/5820193192?utm_medium=api&utm_source=1a779ec3,['Git']
5830573315,Coordenadora de Marketing Digital,Planeta Kids Eventos,"Jardim São Paulo, Zona Norte",60000.0,84000.0,"Gerenciar a criação de conteúdo para diversos canais digitais; Liderar a priorização e entregas uma equipe de 4 profissionais e agência prestadora de serviços; Planejar e executar processos e fluxos de inbound marketing; Conhecimento prático em trafego pago (Analisar dados e ajustar estratégias, testar campanhas para otimizá-las e gerar mais conversões, segmentar o público para o qual o anúncio será veiculado); Liderar estratégias de marketing digital focadas em serviços B2C; Identificar oportu…",2026-08-06T11:51:26Z,marketing,marketing digital,2026-08-19,https://www.adzuna.com.br/details/5830573315?utm_medium=api&utm_source=1a779ec3,['Git']
5822025196,Assistente de Marketing Digital,Não informado,"Jaraguá do Sul, Santa Catarina",,,"Empresa do vestuário que desenvolve e confecciona roupas esportivas e moda praia admite profissional para: - Executar programação e publicação de conteúdos nas redes sociais e plataformas digitais da marca; - Monitorar interações e responder mensagens e comentários com linguagem alinhada à marca; - Organizar briefings, pastas e fluxos de demandas do time de marketing digital; - Apoiar a produção de conteúdo (posts, banners, páginas, vídeos e materiais digitais); - Acompanhar o calendário digita…",2026-07-31T02:15:46Z,marketing,marketing digital,2026-08-19,https://www.adzuna.com.br/details/5822025196?utm_medium=api&utm_source=1a779ec3,['Git']
5830669947,Coordenador de Marketing Digital,Rottas Construtora eorporadora,Brasil,,,"Description Você sabia que um dos maiores sonhos dos brasileiros é o de adquirir o seu próprio imóvel? A Rottas Construtora e Incorporadora está no mercado desde 2010 atuando com as modernas técnicas da construção civil, rigorosidade na gestão das obras e dedicação em entregar qualidade e compromisso com o sonho do cliente. O nosso Propósito é fazer sempre o melhor e entregar sempre mais, criando um círculo virtuoso que melhora a vida dos nossos clientes, colaboradores, parceiros e comunidade q…",2026-08-06T12:31:40Z,marketing,marketing digital,2026-08-19,https://www.adzuna.com.br/details/5830669947?utm_medium=api&utm_source=1a779ec3,[]
5705506945,Analista de Marketing Digital,Brasil Card Instituicao De Pagamentos,Brasil,,,"ATIVIDADES: • Planejar e executar a estratégia de marketing digital da Bolt Card; • Gerar oportunidades comerciais e ampliar a presença digital por meio de ações orientadas por dados, performance e inovação; • Acompanhar as estratégias de marketing da empresa terceirizada; • E outras atividades necessárias da área. FORMAÇÃO ACADÊMICA: • Superior Completo em Marketing ou áreas relacionadas. REQUISITOS: • Experiência em marketing digital; • Vivência com empresas B2B; • Experiência com geração de …",2026-04-20T18:14:43Z,marketing,marketing digital,2026-08-19,https://www.adzuna.com.br/details/5705506945?utm_medium=api&utm_source=1a779ec3,['Git']
5767399647,Analista de Marketing Digital,Häfele Brasil Ltda.,"Piraquara, Paraná",,,"Candidate-se rapidamente pelo email: vaga-373379@vagas.abler.in Requisitos e qualificações: Experiência mínima de 1 ano na função ou em marketing digital; Ensino superior completo em Marketing Digital, Publicidade, Comunicação ou áreas correlatas; Experiência com gestão de campanhas Google Ads e Meta Ads Conhecimento em ferramentas como Google Analytics, Search Console, Tag Manager e Google Trends Conhecimento em SEO e Copywriting para conteúdo digital Familiaridade com HTML e CSS (básico/inter…",2026-06-17T21:58:34Z,marketing,marketing digital,2026-08-19,https://www.adzuna.com.br/details/5767399647?utm_medium=api&utm_source=1a779ec3,"['Machine Learning', 'Git', 'Google Ads', 'SEO']"
5843159643,Analista de Marketing Digital,Brivia,"São Paulo, Estado de São Paulo",,,"Buscamos uma pessoa Analista de Marketing Digital Júnior para fazer parte da Elementar Digital, startup especializada em otimização de marketing digital que integra o ecossistema Brivia_Group. Embora faça parte do grupo, a Elementar mantém sua cultura, operação e processos próprios, atuando de forma ágil, orientada por dados e focada em performance. Somos apaixonados por resultados, acreditamos em decisões baseadas em dados e buscamos pessoas curiosas, analíticas e que gostem de aprender contin…",2026-08-15T12:17:33Z,marketing,marketing digital,2026-08-19,https://www.adzuna.com.br/details/5843159643?utm_medium=api&utm_source=1a779ec3,['Git']
5834949572,Estágio em Marketing Digital,ANJO DO RH,"Cachoeiras de Macacu, Estado do Rio de Janeiro",,,"Estamos contratando para uma empresa brasileira de tecnologia focada em cibersegurança e proteção digital, está em busca de um(a) Estagiário(a) de Marketing com interesse em marketing digital, produção de conteúdo e estratégias de crescimento. Essa é uma oportunidade para quem deseja desenvolver carreira em marketing digital moderno, combinando comunicação, análise de dados e estratégias de aquisição de usuários. O que você irá aprender e desenvolver - Produção de conteúdo estratégico para cana…",2026-08-09T18:36:48Z,marketing,marketing digital,2026-08-19,https://www.adzuna.com.br/details/5834949572?utm_medium=api&utm_source=1a779ec3,['Git']
5725320565,Assistente de Marketing Digital,RBL Distribuidora,"Barroso, Fortaleza",,,"Assistente de Marketing Digital (presencial) Requisitos: Cursando Publicidade e Propaganda, Marketing e Comunicação Social a partir do 6º semestre; Familiaridade com edição de vídeos (Capcut, InShot); Boa escrita e domínio da lingua portuguesa; Noções de Copywriting, storytelling e marketing digital. Atribuições: Criar e editar vídeos curtos (Reels, Tiktok, Shorts); Apoiar a criação e execução de conteúdos para redes sociais; Pesquisaar tendências, formatos e linguagens em alta; Autonomia e apr…",2026-05-10T17:40:56Z,marketing,marketing digital,2026-08-19,https://www.adzuna.com.br/details/5725320565?utm_medium=api&utm_source=1a779ec3,['Git']
